epoch,train_ce,normal_calibration_ce,normal_calibration_circular_mae
1,5.287963679253226,5.30072216450269,0.22899407445121933
2,5.206916535656087,5.333609119811308,0.22835430934868647
3,5.136761013838755,5.425471037599823,0.2430861463969342
4,5.095778592034507,5.525808122799051,0.25217978018201836
5,5.080201891142949,5.54848715131433,0.25356005261228626
6,5.079380798192444,5.526941145428959,0.22804784688647273
7,5.074550813648395,5.48882899584766,0.12741088910158732
8,5.066955660004888,5.4674237986634875,0.18924440079190094
9,5.05859978748068,5.474009854876054,0.1621553503843871
10,5.053069454440746,5.504247981886369,0.11223730192425277
11,5.0451120541674275,5.513633964965062,0.13465446972346057
12,5.034812112127242,5.498970688394244,0.12061432952071624
13,5.028859157650696,5.501197957104037,0.12621202500756498
14,5.021795304518026,5.500576990731755,0.12827835285539793
15,5.013258306099422,5.493810320281305,0.13261099436039703
16,4.998381954440746,5.489741652860193,0.13309581936490864
17,4.983360705456741,5.498110022286768,0.1146896379332717
18,4.971961939721793,5.501414044303183,0.12106377797912961
19,4.958437983735451,5.474025668776342,0.12492101628502245
20,4.9363408051834226,5.451378213904448,0.11345055449821452
