backbone,mode,device,neighbours,score_variant,seeds,test_videos,frames,anomaly_frames,auroc_mean,auroc_ci_low,auroc_ci_high,ap_mean,ap_ci_low,ap_ci_high,bootstrap_draws,bootstrap_rejected
dinov3-l,offline,R01,1,P3,3,15,3295,1227,0.47694509996179874,0.4115920539307367,0.534808981899572,0.33659870515990714,0.18359108845082367,0.5034180165533687,1000,0
dinov3-l,offline,R01,5,P3,3,15,3295,1227,0.47012246482932635,0.40291313834673176,0.52833663826405,0.33210396074154036,0.18067959706333225,0.49840661747180554,1000,0
dinov3-l,offline,R01,10,P3,3,15,3295,1227,0.46228686490352205,0.3953130132195002,0.5204533093269587,0.3288988841844697,0.1777539334417804,0.4949949148253007,1000,0
dinov3-l,offline,R02,1,P3,3,15,9210,2949,0.8011482068038154,0.6822237195130437,0.89663103474556,0.6362888458272553,0.41248195151726996,0.8102098452803834,1000,0
dinov3-l,offline,R02,5,P3,3,15,9210,2949,0.7983625410212806,0.6819053857755345,0.8967018015702853,0.6510536109668373,0.4381244508528408,0.8145594265057869,1000,0
dinov3-l,offline,R02,10,P3,3,15,9210,2949,0.8135023649210441,0.704623720380183,0.9036691222265041,0.6602707955259174,0.44365313486178926,0.8253202536797212,1000,0
dinov3-l,offline,R03,1,P3,3,17,11563,4922,0.5946348847369566,0.5264084522397076,0.6761236372240209,0.5106098409865033,0.36555910249605955,0.6653897092422705,1000,0
dinov3-l,offline,R03,5,P3,3,17,11563,4922,0.6067500674019192,0.5426592727935429,0.6827706389619667,0.5182195294119425,0.36934737615244584,0.6724310293472898,1000,0
dinov3-l,offline,R03,10,P3,3,17,11563,4922,0.6245623770166094,0.5600803289985397,0.6958647007066878,0.528053045960295,0.37794898941808197,0.6838604932888435,1000,0
dinov3-l,offline,R04,1,P3,3,19,7660,4501,0.692828064868846,0.6369701919381392,0.7652041652124639,0.7049081981208932,0.5674639954097271,0.8348758059697841,1000,0
dinov3-l,offline,R04,5,P3,3,19,7660,4501,0.6908329634555083,0.6358713466213006,0.7611113030305999,0.7025561680599308,0.5647860069806275,0.8314526969734178,1000,0
dinov3-l,offline,R04,10,P3,3,19,7660,4501,0.694460380077568,0.6380541793189685,0.7616043047756824,0.7040437457668727,0.5657843696273881,0.8320015710130158,1000,0
dinov3-l,online,R01,1,P3,3,15,3295,1227,0.5413844263789641,0.5107797830212404,0.575031817239997,0.37227764491871757,0.2043415959075063,0.5616590269069304,1000,0
dinov3-l,online,R01,5,P3,3,15,3295,1227,0.5369204714260117,0.5052951340501178,0.5720505118831921,0.36920380373195694,0.20204832646983922,0.5565032694294225,1000,0
dinov3-l,online,R01,10,P3,3,15,3295,1227,0.533391843840265,0.4990919450040968,0.5701925405672861,0.3674590286669101,0.19930773716706143,0.5557082908858807,1000,0
dinov3-l,online,R02,1,P3,3,15,9210,2949,0.7928610402106896,0.6702533281253626,0.8930311969427146,0.6224276424578159,0.4144435862695164,0.796544293156474,1000,0
dinov3-l,online,R02,5,P3,3,15,9210,2949,0.7989187317875642,0.6788298466662669,0.8965807079841277,0.6373468462349856,0.4303554709505457,0.8056955598753969,1000,0
dinov3-l,online,R02,10,P3,3,15,9210,2949,0.7885133174993723,0.6674178981187,0.8879232882979098,0.6243285301262232,0.41449967058814513,0.7999069439905288,1000,0
dinov3-l,online,R03,1,P3,3,17,11563,4922,0.594509513802051,0.5236880616662521,0.6772529606535201,0.511128779287595,0.3623545567695968,0.6699389488026473,1000,0
dinov3-l,online,R03,5,P3,3,17,11563,4922,0.6172584645929494,0.5524694752812704,0.6862473503407961,0.5218950486475502,0.3727989387537754,0.6832025107671428,1000,0
dinov3-l,online,R03,10,P3,3,17,11563,4922,0.6254870055075715,0.5620433667465469,0.690373529215675,0.5268256482221193,0.37571130152610793,0.6890089968721901,1000,0
dinov3-l,online,R04,1,P3,3,19,7660,4501,0.6987570346823846,0.6415834580353023,0.7699964327254728,0.7067412264088629,0.5734875915406906,0.8345542436675321,1000,0
dinov3-l,online,R04,5,P3,3,19,7660,4501,0.7017776195818936,0.6434198568659671,0.7716013369093303,0.7081605255259241,0.5750723080855092,0.8359894001631971,1000,0
dinov3-l,online,R04,10,P3,3,19,7660,4501,0.6993698444651729,0.6400479821915223,0.7681743278061731,0.7077144601502111,0.5748104687380217,0.8344988636781476,1000,0
vjepa21-l,offline,R01,1,P3,3,15,3295,1227,0.34016214267735884,0.26055531935280113,0.43437033988370755,0.2766389470419169,0.14178598613798069,0.4499062937303971,1000,0
vjepa21-l,offline,R01,5,P3,3,15,3295,1227,0.3757548958870293,0.2994135716446029,0.46101928531214653,0.28834563619128556,0.14954736075947822,0.4579517638710249,1000,0
vjepa21-l,offline,R01,10,P3,3,15,3295,1227,0.38816125148903585,0.3116644296004908,0.47473395468556834,0.2931095922202391,0.15215538436566273,0.4601952617580674,1000,0
vjepa21-l,offline,R02,1,P3,3,15,9210,2949,0.6171062384481599,0.4982873782313792,0.7215260820425469,0.40866206544165595,0.2681405055261721,0.5758936161813285,1000,0
vjepa21-l,offline,R02,5,P3,3,15,9210,2949,0.6310357769421557,0.5147135078234786,0.7255752015622257,0.42550836501103184,0.285590306217752,0.5803292917162794,1000,0
vjepa21-l,offline,R02,10,P3,3,15,9210,2949,0.6402172213075441,0.5243332015551604,0.7405873018438386,0.4232936170591474,0.28221438624863887,0.5843449399296325,1000,0
vjepa21-l,offline,R03,1,P3,3,17,11563,4922,0.5052414820219161,0.38593817105080963,0.6064611013534146,0.4327956576796293,0.27440213314590095,0.6219685049472458,1000,0
vjepa21-l,offline,R03,5,P3,3,17,11563,4922,0.504483535484023,0.3878821893489241,0.6065547845185711,0.4353154227089402,0.27677894160892136,0.6229045928049188,1000,0
vjepa21-l,offline,R03,10,P3,3,17,11563,4922,0.5064305683341653,0.39246365516049625,0.6062657103982405,0.4401725178320666,0.2805398018909595,0.6241672388975682,1000,0
vjepa21-l,offline,R04,1,P3,3,19,7660,4501,0.7175293394405197,0.6800547966105726,0.7798302889759717,0.7358149536804349,0.6138581984250651,0.852042268735375,1000,0
vjepa21-l,offline,R04,5,P3,3,19,7660,4501,0.7124064231373719,0.6775810533082287,0.7619490428230202,0.7365620205802434,0.617861947843199,0.8475233151315565,1000,0
vjepa21-l,offline,R04,10,P3,3,19,7660,4501,0.7055097343099187,0.6701829670643349,0.7541092627054917,0.7319570650856141,0.6178972211379006,0.8418607157377015,1000,0
vjepa21-l,online,R01,1,P3,3,15,3295,1227,0.36169831803968,0.23290238148583053,0.47602532795884245,0.30299354374386045,0.1476416798177978,0.4969348445689802,1000,0
vjepa21-l,online,R01,5,P3,3,15,3295,1227,0.3460254104274288,0.2138948152516175,0.4658600646806782,0.2972271867994892,0.1453634574920976,0.4865219880270446,1000,0
vjepa21-l,online,R01,10,P3,3,15,3295,1227,0.3598069074451533,0.2247104615482024,0.4794110910673205,0.3014728132591209,0.14931428763886578,0.4858585140570585,1000,0
vjepa21-l,online,R02,1,P3,3,15,9210,2949,0.6633954352242394,0.5671033872890545,0.7437911635830176,0.4349081587812347,0.29696255598840476,0.5921385028972128,1000,0
vjepa21-l,online,R02,5,P3,3,15,9210,2949,0.6717438030215233,0.5929324257633515,0.7419888502749564,0.4564253889666505,0.32126227196501334,0.5992619340177697,1000,0
vjepa21-l,online,R02,10,P3,3,15,9210,2949,0.6872492815493155,0.6062346295814315,0.7560656267803307,0.4570411587225021,0.32522376364425615,0.5981608197535693,1000,0
vjepa21-l,online,R03,1,P3,3,17,11563,4922,0.4932661306778762,0.37044497415649824,0.5994279941533325,0.4342583094500449,0.28150346473266835,0.6251221597290028,1000,0
vjepa21-l,online,R03,5,P3,3,17,11563,4922,0.507991188668817,0.37674513451446484,0.620005907031329,0.4428509584299376,0.28943961395385387,0.6339068992474883,1000,0
vjepa21-l,online,R03,10,P3,3,17,11563,4922,0.5060800110494482,0.37815659692693837,0.6237233650409152,0.44808741552513226,0.2972084485427372,0.6344752240902661,1000,0
vjepa21-l,online,R04,1,P3,3,19,7660,4501,0.7212609618577018,0.6776121845125431,0.789343874239318,0.7313404238764308,0.6073745782424906,0.8514994625414364,1000,0
vjepa21-l,online,R04,5,P3,3,19,7660,4501,0.7281204226080673,0.6896730878995462,0.78594317133658,0.7391530188867468,0.6184196130847807,0.8530573601166661,1000,0
vjepa21-l,online,R04,10,P3,3,19,7660,4501,0.7242031521162907,0.6842767792322075,0.7785208076521479,0.738864548019292,0.6186874052691252,0.8515682450583619,1000,0
