backbone,mode,variant,devices,seeds,auroc_mean,auroc_ci_low,auroc_ci_high,ap_mean,ap_ci_low,ap_ci_high,bootstrap_draws,bootstrap_rejected,neighbours,score_variant
dinov3-l,offline,K1,4,3,0.6413890640928541,0.6026696296725126,0.68126867072244,0.5471013975236397,0.4545171986298495,0.6309995447649901,1000,0,1,P3
dinov3-l,offline,K10,4,3,0.6487029967296859,0.6105851469143737,0.6863718927523571,0.5553166178593887,0.46329212038321477,0.6397438288466479,1000,0,10,P3
dinov3-l,offline,K5,4,3,0.6415170091770086,0.6032485853637686,0.6811102301524429,0.5509833172950628,0.46009453434095016,0.6353176373591957,1000,0,5,P3
dinov3-l,online,K1,4,3,0.6568780037685223,0.6189762095430958,0.6974855376961995,0.5531438232682478,0.4614016924635063,0.638866002707444,1000,0,1,P3
dinov3-l,online,K10,4,3,0.6616905028280954,0.6247633366031943,0.6985832841673733,0.5565819167913659,0.4644354670955979,0.642097996119113,1000,0,10,P3
dinov3-l,online,K5,4,3,0.6637188218471047,0.6274767069832315,0.701312128028615,0.5591515560351042,0.46790652084638756,0.6433265758466891,1000,0,5,P3
vjepa21-l,offline,K1,4,3,0.5450098006469886,0.5028207127495572,0.594231054996186,0.4634779059609092,0.3916489531046776,0.5479194818829206,1000,0,1,P3
vjepa21-l,offline,K10,4,3,0.560079693860166,0.5183399909745947,0.6073806493076521,0.4721331980492668,0.40007630566126584,0.5535891878627697,1000,0,10,P3
vjepa21-l,offline,K5,4,3,0.555920157862645,0.5125298359641304,0.6032226938948198,0.47143286112287525,0.39975194777375056,0.5516629337196443,1000,0,5,P3
vjepa21-l,online,K1,4,3,0.5599052114498744,0.5128110580679485,0.6095992684804489,0.47587510896289276,0.4015940547187284,0.5589684596746143,1000,0,1,P3
vjepa21-l,online,K10,4,3,0.569334838040052,0.5233392634567788,0.618518722078037,0.4863664838815118,0.41309817205574656,0.5688472036637324,1000,0,10,P3
vjepa21-l,online,K5,4,3,0.563470206181459,0.5159275731807987,0.613727647722738,0.483914138270706,0.4101201527342289,0.5666076155905097,1000,0,5,P3
