epoch,total,mse,entropy,phase_ce,clips,steps_total
1,0.15634584351050065,0.0500526751086164,0.8150283572157192,5.306508258394356,4952,619
2,0.11361598655557402,0.008392240619663035,1.0973928743109758,5.250213489778978,4952,1238
3,0.11103179976223744,0.005926998739126281,1.1032025423111553,5.2442081548478185,4952,1857
4,0.1098854514937216,0.0048324304124301295,1.0973665277098994,5.241677506097107,4952,2476
5,0.10133926879753011,0.005412277404101556,1.0703021451614207,4.785646653907172,4952,3095
6,0.057012888836119206,0.006457712628798911,1.0114360691946427,2.517644503775244,4952,3714
7,0.04507485208115112,0.00450979688570433,1.0874714746421297,2.0173780929676357,4952,4333
8,0.03988532069318225,0.004173718780273141,1.2273139420156525,1.7733069983745815,4952,4952
9,0.03519066604928554,0.0038437049941991808,0.9667430213849648,1.5576806600914248,4952,5571
10,0.03298888556201835,0.0038656666224163405,0.8807325169612595,1.4473536515274417,4952,6190
11,0.030743970958476884,0.0038408988211093313,0.7125176111889193,1.3380284627150256,4952,6809
12,0.028295416693370157,0.0035113612872959147,0.698945158277074,1.2322133473317727,4952,7428
13,0.027201814810190236,0.003517325436440635,0.6120629839731534,1.1781038650595892,4952,8047
14,0.02633285916505174,0.003790066668896158,0.45626742052146035,1.1225769749461931,4952,8666
15,0.024692548879742718,0.003551706822923052,0.5238981781367916,1.0518031436137505,4952,9285
16,0.024577466051826955,0.0035584358365300544,0.49273082512838584,1.0460242236180528,4952,9904
17,0.022561619849649887,0.0029868396337223817,0.9002550718087179,0.9697364837364542,4952,10523
18,0.022012016617110743,0.0027485694149463934,0.9158385516368515,0.9540139943216844,4952,11142
19,0.02108969740864485,0.002626475051868412,0.8639833271407157,0.9145213061754076,4952,11761
20,0.02012488560417068,0.0026062010642237394,1.1447480786982953,0.8644867676140225,4952,12380
21,0.01968809596815046,0.002439661916294203,1.0518626372340423,0.8519030969246909,4952,12999
22,0.018933101882180125,0.0024166518979538863,0.8932055437121907,0.8168904626311702,4952,13618
23,0.018458323994040585,0.0026235381095792033,0.9873409975133536,0.781865902353373,4952,14237
24,0.01855406949374831,0.002678681747056544,1.0230931783146158,0.783538475367865,4952,14856
25,0.01777264472361961,0.0024068507723967653,1.1317717430087013,0.7569719956938015,4952,15475
26,0.01621300734651782,0.0022378346291468485,0.9994354395373379,0.6887642976396111,4952,16094
27,0.016533184996678198,0.0022368934866859426,1.0232831128001791,0.7045817597135781,4952,16713
28,0.01636566704452062,0.00217091719908053,1.106301955914844,0.698674490166789,4952,17332
29,0.015335519395630224,0.0021157237085752995,1.1633014985163108,0.649356784049259,4952,17951
30,0.015145580902671582,0.0020782820775470004,1.1598139679682273,0.6417668154147215,4952,18570
31,0.014694991014500619,0.002099080874301758,1.1809896229734713,0.6179856263666815,4952,19189
32,0.0150915924489787,0.0025033700911430506,1.060017038142739,0.6188109627110893,4952,19808
33,0.013722682834387741,0.0021090879496593203,1.0912494095153686,0.5697672636231621,4952,20427
34,0.013625909970781384,0.0020353248254854914,1.0264339313175836,0.5692649302170619,4952,21046
35,0.01332116954710172,0.002016731084065635,0.9955622374722568,0.5552663145668094,4952,21665
36,0.013150928225308079,0.002030495077451339,1.0035817208120625,0.5459858531761247,4952,22284
37,0.013190380995717014,0.0021078590215642687,1.0961138634959022,0.5431649734014841,4952,22903
38,0.01183122515366962,0.001957662170376743,1.028346318035403,0.48339469729650386,4952,23522
39,0.012064740733545942,0.0019425713836692382,1.0073022998399996,0.49603545581485614,4952,24141
40,0.01209403067467635,0.0019530001427806758,1.0674157769498995,0.4963773797673921,4952,24760
41,0.01176252398603808,0.0018976187062267702,1.025559864829931,0.48298967612820026,4952,25379
42,0.01142671680256953,0.0018641845353612727,1.089836110109659,0.46722826390543737,4952,25998
43,0.010866835111186439,0.0018474757592366806,1.1293099159570426,0.4396748791639851,4952,26617
44,0.010694579148713216,0.0018208980276693194,1.049240839596904,0.43319165698208983,4952,27236
45,0.010632240055098842,0.0018081389398047752,1.0016355265130519,0.4311887091552306,4952,27855
46,0.00959348768523935,0.001789544986241974,1.0051149996494053,0.3801459938359954,4952,28474
47,0.010937944960724774,0.002500685451887789,0.9873334267605487,0.411989649685524,4952,29093
48,0.011158660323146928,0.0027493330951319683,1.0495614687730115,0.40997075625305607,4952,29712
49,0.009393087184276306,0.0018349655419407542,1.0927630479963608,0.3669784596319249,4952,30331
50,0.009450518160904961,0.0017793254247115795,1.0014459598622916,0.3735451860464688,4952,30950
