epoch,train_ce,normal_calibration_ce,normal_calibration_circular_mae
1,5.301280548698024,5.2923676909018615,0.20051320082531054
2,5.268679516058518,5.286995797693961,0.21865085021489467
3,5.245046215248586,5.283017969069784,0.2102332121246572
4,5.222842265490003,5.277432442945157,0.19800169888605118
5,5.195097120184648,5.257787077732259,0.17353471727727265
6,5.166294639271901,5.22855553127353,0.1624340976474552
7,5.127369205455732,5.192710686470219,0.15682277292914312
8,5.079104007634902,5.149777292742612,0.13271041129698033
9,5.022654284809466,5.095588392921438,0.1316762824118569
10,4.955200503643294,5.030983390660058,0.1308976617885579
11,4.876801378446116,4.966439719650446,0.12613851387141495
12,4.794662438538439,4.895718203170796,0.12888423869314264
13,4.710369682551028,4.820898097977139,0.1292871955046292
14,4.6265566295250915,4.75281562657128,0.12188449546333253
15,4.548010644458589,4.6889647549213445,0.12405802793088475
16,4.480674340910182,4.625060921652968,0.11888952551161493
17,4.418330980124032,4.563036813772974,0.11754621483683847
18,4.348321982792446,4.511642964351995,0.11480805893779172
19,4.290403740149094,4.457248159707133,0.11278792496849768
20,4.231898096271027,4.416376940491591,0.10848689378349369
