backbone,mode,device,configuration,bins,total_prototypes,score_variant,seeds,test_videos,frames,anomaly_frames,auroc_mean,auroc_ci_low,auroc_ci_high,ap_mean,ap_ci_low,ap_ci_high,bootstrap_draws,bootstrap_rejected
dinov3-l,offline,R01,B16_M1024,16,1024,P3,3,15,3295,1227,0.45152810422279294,0.38125281476771555,0.5137116561372989,0.32476350223980915,0.17451933717990722,0.4897965208981533,1000,0
dinov3-l,offline,R01,B16_M2048,16,2048,P3,3,15,3295,1227,0.47012246482932635,0.40291313834673176,0.52833663826405,0.33210396074154036,0.18067959706333225,0.49840661747180554,1000,0
dinov3-l,offline,R01,B16_M4096,16,4096,P3,3,15,3295,1227,0.48019299797118037,0.4119810743320733,0.5379669523997931,0.33698607197901986,0.18345644505513695,0.5023574798367113,1000,0
dinov3-l,offline,R01,B8_M2048,8,2048,P3,3,15,3295,1227,0.5168764847665123,0.44623541449943227,0.5795464724867986,0.35239650544107004,0.1961553218719289,0.5138605759071917,1000,0
dinov3-l,offline,R02,B16_M1024,16,1024,P3,3,15,9210,2949,0.7999728187218347,0.6974611354520406,0.8840459296540784,0.6489380882031974,0.4419062582870015,0.8053727128205703,1000,0
dinov3-l,offline,R02,B16_M2048,16,2048,P3,3,15,9210,2949,0.7983625410212806,0.6819053857755345,0.8967018015702853,0.6510536109668373,0.4381244508528408,0.8145594265057869,1000,0
dinov3-l,offline,R02,B16_M4096,16,4096,P3,3,15,9210,2949,0.7915242001025183,0.6537282767760252,0.9071845311355242,0.6677185103726587,0.4268612243008904,0.8433853145074824,1000,0
dinov3-l,offline,R02,B8_M2048,8,2048,P3,3,15,9210,2949,0.8099584360777885,0.6745295948553057,0.9213250826212295,0.6912683374870624,0.4646199636776444,0.856522106164303,1000,0
dinov3-l,offline,R03,B16_M1024,16,1024,P3,3,17,11563,4922,0.6020540723394169,0.5509715350573953,0.6653675926801514,0.5144153713394589,0.36845095897762187,0.6711902931051816,1000,0
dinov3-l,offline,R03,B16_M2048,16,2048,P3,3,17,11563,4922,0.6067500674019192,0.5426592727935429,0.6827706389619667,0.5182195294119425,0.36934737615244584,0.6724310293472898,1000,0
dinov3-l,offline,R03,B16_M4096,16,4096,P3,3,17,11563,4922,0.5996889426159875,0.5305471178334589,0.6778349520799798,0.5140093101110538,0.36639709261161135,0.6717300437920768,1000,0
dinov3-l,offline,R03,B8_M2048,8,2048,P3,3,17,11563,4922,0.6039004127695774,0.5356709655020833,0.6737496548815464,0.5183356847732637,0.3693004860199486,0.6766202184526703,1000,0
dinov3-l,offline,R04,B16_M1024,16,1024,P3,3,19,7660,4501,0.6922968380257708,0.6393788033109137,0.7667433528671105,0.7021596840873685,0.5670878454702593,0.8330551612489656,1000,0
dinov3-l,offline,R04,B16_M2048,16,2048,P3,3,19,7660,4501,0.6908329634555083,0.6358713466213006,0.7611113030305999,0.7025561680599308,0.5647860069806275,0.8314526969734178,1000,0
dinov3-l,offline,R04,B16_M4096,16,4096,P3,3,19,7660,4501,0.7003616867103993,0.6422626568579797,0.7709688752651085,0.7078974185946846,0.569956583134946,0.8346839204026741,1000,0
dinov3-l,offline,R04,B8_M2048,8,2048,P3,3,19,7660,4501,0.6995693241301213,0.6411937948636065,0.7699373842633565,0.7120038695610895,0.5724243374904762,0.8372573353397976,1000,0
dinov3-l,online,R01,B16_M1024,16,1024,P3,3,15,3295,1227,0.5274898230602335,0.4913227930288443,0.5660621378067703,0.36346873880155656,0.19837341996820304,0.5508918505236168,1000,0
dinov3-l,online,R01,B16_M2048,16,2048,P3,3,15,3295,1227,0.5369204714260117,0.5052951340501178,0.5720505118831921,0.36920380373195694,0.20204832646983922,0.5565032694294225,1000,0
dinov3-l,online,R01,B16_M4096,16,4096,P3,3,15,3295,1227,0.546426129893851,0.5133613103165503,0.5820066448807185,0.3735229472766293,0.20602839480933657,0.5607018512401668,1000,0
dinov3-l,online,R01,B8_M2048,8,2048,P3,3,15,3295,1227,0.5622958240785844,0.5362600533212074,0.592744306935691,0.3802293862135509,0.21264733160568558,0.5630784546104305,1000,0
dinov3-l,online,R02,B16_M1024,16,1024,P3,3,15,9210,2949,0.7473995400738535,0.6371323984060584,0.8466542391467051,0.5723386458936844,0.3907992793022023,0.7423335933659595,1000,0
dinov3-l,online,R02,B16_M2048,16,2048,P3,3,15,9210,2949,0.7989187317875642,0.6788298466662669,0.8965807079841277,0.6373468462349856,0.4303554709505457,0.8056955598753969,1000,0
dinov3-l,online,R02,B16_M4096,16,4096,P3,3,15,9210,2949,0.7902610902945776,0.6513747723299691,0.9060594896893018,0.6610825875554314,0.43320690751748486,0.8243180543545198,1000,0
dinov3-l,online,R02,B8_M2048,8,2048,P3,3,15,9210,2949,0.810107539542432,0.6821893498652972,0.9161539832118453,0.6691487673725988,0.436850452160666,0.8343000356899304,1000,0
dinov3-l,online,R03,B16_M1024,16,1024,P3,3,17,11563,4922,0.6041259356445925,0.5421036289357113,0.6735984243023827,0.514066079510006,0.3678684787918133,0.6751171319206828,1000,0
dinov3-l,online,R03,B16_M2048,16,2048,P3,3,17,11563,4922,0.6172584645929494,0.5524694752812704,0.6862473503407961,0.5218950486475502,0.3727989387537754,0.6832025107671428,1000,0
dinov3-l,online,R03,B16_M4096,16,4096,P3,3,17,11563,4922,0.596575911122103,0.5282423401309643,0.6668161451043035,0.5107598651738078,0.364527341536926,0.6729504655762064,1000,0
dinov3-l,online,R03,B8_M2048,8,2048,P3,3,17,11563,4922,0.6052786262461961,0.5425989942217383,0.6681056826817285,0.5184297642684016,0.3685443829844553,0.6788169618691711,1000,0
dinov3-l,online,R04,B16_M1024,16,1024,P3,3,19,7660,4501,0.6873913121249103,0.6275786746612748,0.7580706111106226,0.7016767032479295,0.5714301444940595,0.8293551886805073,1000,0
dinov3-l,online,R04,B16_M2048,16,2048,P3,3,19,7660,4501,0.7017776195818936,0.6434198568659671,0.7716013369093303,0.7081605255259241,0.5750723080855092,0.8359894001631971,1000,0
dinov3-l,online,R04,B16_M4096,16,4096,P3,3,19,7660,4501,0.706162421270998,0.6433772469564253,0.7732986224566486,0.7121801857006135,0.5796479868715758,0.8389682106464685,1000,0
dinov3-l,online,R04,B8_M2048,8,2048,P3,3,19,7660,4501,0.7120789426532182,0.6481896766740676,0.7804468988207858,0.7199323755259059,0.5871773272412292,0.8433929343934669,1000,0
vjepa21-l,offline,R01,B16_M1024,16,1024,P3,3,15,3295,1227,0.3590519458750225,0.275475420105671,0.4587534080566575,0.2842847702983787,0.14435926850368241,0.45689955405352584,1000,0
vjepa21-l,offline,R01,B16_M2048,16,2048,P3,3,15,3295,1227,0.3757548958870293,0.2994135716446029,0.46101928531214653,0.28834563619128556,0.14954736075947822,0.4579517638710249,1000,0
vjepa21-l,offline,R01,B16_M4096,16,4096,P3,3,15,3295,1227,0.4531565196783945,0.3908794660961969,0.520126076875987,0.3189332292794425,0.1680051460179103,0.48965246951583175,1000,0
vjepa21-l,offline,R01,B8_M2048,8,2048,P3,3,15,3295,1227,0.4564373906047942,0.3841137715523866,0.530657428231739,0.3216794871089532,0.17121608550610046,0.49014407304979235,1000,0
vjepa21-l,offline,R02,B16_M1024,16,1024,P3,3,15,9210,2949,0.6059121771385989,0.5253730647276204,0.6840531641724902,0.4246001427350177,0.2929260414596887,0.5624669597418717,1000,0
vjepa21-l,offline,R02,B16_M2048,16,2048,P3,3,15,9210,2949,0.6310357769421557,0.5147135078234786,0.7255752015622257,0.42550836501103184,0.285590306217752,0.5803292917162794,1000,0
vjepa21-l,offline,R02,B16_M4096,16,4096,P3,3,15,9210,2949,0.6953439261244055,0.5754815745441881,0.794385920194945,0.5026556109609372,0.3178095640578858,0.6886046719624874,1000,0
vjepa21-l,offline,R02,B8_M2048,8,2048,P3,3,15,9210,2949,0.653061440394351,0.5261102367860401,0.7581442291805415,0.43973818127535225,0.28190331202401214,0.6155728782674823,1000,0
vjepa21-l,offline,R03,B16_M1024,16,1024,P3,3,17,11563,4922,0.5156226726860216,0.40316543119729575,0.6090423514973564,0.44024557387397417,0.28345344694580155,0.6241485922815926,1000,0
vjepa21-l,offline,R03,B16_M2048,16,2048,P3,3,17,11563,4922,0.504483535484023,0.3878821893489241,0.6065547845185711,0.4353154227089402,0.27677894160892136,0.6229045928049188,1000,0
vjepa21-l,offline,R03,B16_M4096,16,4096,P3,3,17,11563,4922,0.5238068738556486,0.39814397956463404,0.626733679260607,0.4439989164200586,0.2843862446466242,0.6359704447117666,1000,0
vjepa21-l,offline,R03,B8_M2048,8,2048,P3,3,17,11563,4922,0.5091126946015626,0.38370019964822843,0.6032020266133413,0.43289890537365533,0.27485549290969546,0.6243222008139633,1000,0
vjepa21-l,offline,R04,B16_M1024,16,1024,P3,3,19,7660,4501,0.6863927416314951,0.6507257019688593,0.7445595287748852,0.7099768024793521,0.5873412355747487,0.8345903432515721,1000,0
vjepa21-l,offline,R04,B16_M2048,16,2048,P3,3,19,7660,4501,0.7124064231373719,0.6775810533082287,0.7619490428230202,0.7365620205802434,0.617861947843199,0.8475233151315565,1000,0
vjepa21-l,offline,R04,B16_M4096,16,4096,P3,3,19,7660,4501,0.742782963334775,0.6982056969581958,0.8034009066830579,0.7599097327475551,0.6371955424441946,0.8703302137322201,1000,0
vjepa21-l,offline,R04,B8_M2048,8,2048,P3,3,19,7660,4501,0.7251720667422528,0.6796637592246377,0.7795792419058392,0.7569803931061578,0.6334959654165294,0.8635494171863961,1000,0
vjepa21-l,online,R01,B16_M1024,16,1024,P3,3,15,3295,1227,0.3681054418712432,0.25327204254007735,0.4705958727719786,0.305603305347879,0.1497836722685288,0.49383499351659355,1000,0
vjepa21-l,online,R01,B16_M2048,16,2048,P3,3,15,3295,1227,0.3460254104274288,0.2138948152516175,0.4658600646806782,0.2972271867994892,0.1453634574920976,0.4865219880270446,1000,0
vjepa21-l,online,R01,B16_M4096,16,4096,P3,3,15,3295,1227,0.3605154967455337,0.22414645548253104,0.48238790297450995,0.30702801952696007,0.14787168233162956,0.49452872250186974,1000,0
vjepa21-l,online,R01,B8_M2048,8,2048,P3,3,15,3295,1227,0.41158594738941195,0.2885315667587677,0.5238191135089556,0.3237060047190843,0.15678678725577086,0.518037912150112,1000,0
vjepa21-l,online,R02,B16_M1024,16,1024,P3,3,15,9210,2949,0.6381278049762066,0.5648755200063621,0.7042704776443379,0.4278319611557557,0.2995490465881459,0.5624774192188788,1000,0
vjepa21-l,online,R02,B16_M2048,16,2048,P3,3,15,9210,2949,0.6717438030215233,0.5929324257633515,0.7419888502749564,0.4564253889666505,0.32126227196501334,0.5992619340177697,1000,0
vjepa21-l,online,R02,B16_M4096,16,4096,P3,3,15,9210,2949,0.7370974998549856,0.638953319393309,0.8156159679689886,0.53139683827658,0.36385696271386836,0.6921725737515517,1000,0
vjepa21-l,online,R02,B8_M2048,8,2048,P3,3,15,9210,2949,0.7046176777927027,0.6048162445264054,0.780245882503271,0.48293067938049145,0.32706073333173535,0.6387701712690751,1000,0
vjepa21-l,online,R03,B16_M1024,16,1024,P3,3,17,11563,4922,0.508193552491191,0.39309454051283926,0.6047543125395783,0.4450087180513081,0.2916992241851208,0.6291838037348617,1000,0
vjepa21-l,online,R03,B16_M2048,16,2048,P3,3,17,11563,4922,0.507991188668817,0.37674513451446484,0.620005907031329,0.4428509584299376,0.28943961395385387,0.6339068992474883,1000,0
vjepa21-l,online,R03,B16_M4096,16,4096,P3,3,17,11563,4922,0.5300474788113024,0.3899325443839511,0.6444307924330015,0.45408344146435203,0.29567739051635694,0.6507795701354834,1000,0
vjepa21-l,online,R03,B8_M2048,8,2048,P3,3,17,11563,4922,0.5072041072064873,0.3760908584889977,0.6086838902462076,0.43962346887828224,0.27941014380763757,0.6318963629697416,1000,0
vjepa21-l,online,R04,B16_M1024,16,1024,P3,3,19,7660,4501,0.6775507216726041,0.6420111506962392,0.7336268969301375,0.7008418017457956,0.580134781271393,0.8254893950596982,1000,0
vjepa21-l,online,R04,B16_M2048,16,2048,P3,3,19,7660,4501,0.7281204226080673,0.6896730878995462,0.78594317133658,0.7391530188867468,0.6184196130847807,0.8530573601166661,1000,0
vjepa21-l,online,R04,B16_M4096,16,4096,P3,3,19,7660,4501,0.7564675637367303,0.7102093194334008,0.8173318068390172,0.7609164321272833,0.6386825705976056,0.8740953067343924,1000,0
vjepa21-l,online,R04,B8_M2048,8,2048,P3,3,19,7660,4501,0.741370171875327,0.6958429477251992,0.7972153032568544,0.7541210462074363,0.6332142894721199,0.8619296173789617,1000,0
