backbone,mode,variant,devices,seeds,auroc_mean,auroc_ci_low,auroc_ci_high,ap_mean,ap_ci_low,ap_ci_high,bootstrap_draws,bootstrap_rejected,configuration,bins,total_prototypes,score_variant
dinov3-l,offline,B16_M1024,4,3,0.6364629583274538,0.6016667472478083,0.674444385903369,0.5475691614674585,0.4622423850180181,0.6281576861762612,1000,0,B16_M1024,16,1024,P3
dinov3-l,offline,B16_M2048,4,3,0.6415170091770086,0.6032485853637686,0.6811102301524429,0.5509833172950628,0.46009453434095016,0.6353176373591957,1000,0,B16_M2048,16,2048,P3
dinov3-l,offline,B16_M4096,4,3,0.6429419568500214,0.6000304198538625,0.6868252389539934,0.5566528277643543,0.45941180426992484,0.6444611123927204,1000,0,B16_M4096,16,4096,P3
dinov3-l,offline,B8_M2048,4,3,0.6575761644359999,0.6141498654402738,0.7000509470401435,0.5685010993156214,0.47646473516864424,0.651243633697413,1000,0,B8_M2048,8,2048,P3
dinov3-l,online,B16_M1024,4,3,0.6416016527258974,0.6066164502111739,0.6786422539677622,0.5378875418632941,0.45070157385521914,0.6197908238244376,1000,0,B16_M1024,16,1024,P3
dinov3-l,online,B16_M2048,4,3,0.6637188218471047,0.6274767069832315,0.701312128028615,0.5591515560351042,0.46790652084638756,0.6433265758466891,1000,0,B16_M2048,16,2048,P3
dinov3-l,online,B16_M4096,4,3,0.6598563881453824,0.6212880284795023,0.6996613691247366,0.5643863964266205,0.4672956249409877,0.6494924150082538,1000,0,B16_M4096,16,4096,P3
dinov3-l,online,B8_M2048,4,3,0.6724402331301076,0.634009145888988,0.7099944247271592,0.5719350733451143,0.4764095720301255,0.6554283518662677,1000,0,B8_M2048,8,2048,P3
vjepa21-l,offline,B16_M1024,4,3,0.5417448843327846,0.504298367661665,0.5859952207070945,0.4647768223466807,0.394010419650377,0.5467696304873703,1000,0,B16_M1024,16,1024,P3
vjepa21-l,offline,B16_M2048,4,3,0.555920157862645,0.5125298359641304,0.6032226938948198,0.47143286112287525,0.39975194777375056,0.5516629337196443,1000,0,B16_M2048,16,2048,P3
vjepa21-l,offline,B16_M4096,4,3,0.6037725707483059,0.5579803637748927,0.6504421589189798,0.5063743723519983,0.4272239301181092,0.592829205736153,1000,0,B16_M4096,16,4096,P3
vjepa21-l,offline,B8_M2048,4,3,0.5859458980857402,0.5427498540050367,0.6319276302767917,0.48782424171602967,0.4110861533177857,0.5720929166719142,1000,0,B8_M2048,8,2048,P3
vjepa21-l,online,B16_M1024,4,3,0.5479943802528112,0.5080224187087862,0.5924305432459746,0.4698214465751846,0.3970378029004806,0.5511956019672977,1000,0,B16_M1024,16,1024,P3
vjepa21-l,online,B16_M2048,4,3,0.563470206181459,0.5159275731807987,0.613727647722738,0.483914138270706,0.4101201527342289,0.5666076155905097,1000,0,B16_M2048,16,2048,P3
vjepa21-l,online,B16_M4096,4,3,0.596032009787138,0.5441642953008727,0.648719412078563,0.5133561828487938,0.4335827660919085,0.6006365596574381,1000,0,B16_M4096,16,4096,P3
vjepa21-l,online,B8_M2048,4,3,0.5911944760659823,0.543500281002646,0.6403031153845291,0.5000952997963236,0.42183174887136243,0.5841499636873352,1000,0,B8_M2048,8,2048,P3
