sequence,frame,valid,B0_raw,B1_raw
12,8,0,-30.600658416748047,0.7999396324157715
12,9,0,-30.59274673461914,0.8002836108207703
12,10,0,-30.507905960083008,0.8007974028587341
12,11,0,-30.481050491333008,0.8012906908988953
12,12,0,-30.411453247070312,0.8016147613525391
12,13,0,-30.21194076538086,0.8016750812530518
12,14,0,-30.06570816040039,0.8011454343795776
12,15,0,-30.182464599609375,0.8004369735717773
12,16,0,-30.126306533813477,0.7997030019760132
12,17,0,-30.106544494628906,0.7993844747543335
12,18,0,-29.95978546142578,0.7997397184371948
12,19,1,-29.727928161621094,0.8001076579093933
12,20,1,-29.722253799438477,0.8004568815231323
12,21,1,-29.75804328918457,0.8005942702293396
12,22,1,-29.807109832763672,0.8012442588806152
12,23,1,-29.842893600463867,0.8019053936004639
12,24,1,-28.001096725463867,0.8029667735099792
12,25,1,-29.94144058227539,0.8026847839355469
12,26,1,-29.88550567626953,0.8019167184829712
12,27,1,-29.694059371948242,0.8012067675590515
12,28,1,-29.64639663696289,0.8015205264091492
12,29,1,-29.878721237182617,0.8020269274711609
12,30,1,-29.823198318481445,0.8027390241622925
12,31,1,-29.813644409179688,0.8036472201347351
12,32,1,-29.83945083618164,0.8045592308044434
12,33,1,-29.820737838745117,0.8047764301300049
12,34,1,-29.77940559387207,0.8039050102233887
12,35,1,-29.808969497680664,0.8033868670463562
12,36,1,-29.743465423583984,0.802952766418457
12,37,1,-29.76374053955078,0.8025555610656738
12,38,1,-29.792997360229492,0.8014777898788452
12,39,1,-29.831295013427734,0.8006367683410645
12,40,1,-29.827190399169922,0.8000653982162476
12,41,1,-29.83860206604004,0.7999520301818848
12,42,1,-29.204389572143555,0.80037522315979
12,43,1,-29.168893814086914,0.8004144430160522
12,44,1,-28.992446899414062,0.8002340793609619
12,45,1,-29.510658264160156,0.8000870943069458
12,46,1,-29.539281845092773,0.8002532720565796
12,47,1,-29.602493286132812,0.8006517887115479
12,48,1,-29.32202911376953,0.8012466430664062
12,49,1,-29.28262710571289,0.8016319274902344
12,50,1,-29.711362838745117,0.8021036386489868
12,51,1,-29.7011661529541,0.8018630743026733
12,52,1,-29.695537567138672,0.8013090491294861
12,53,1,-29.72174072265625,0.8010431528091431
12,54,1,-29.68083953857422,0.8005900382995605
12,55,1,-29.65439224243164,0.8011409044265747
12,56,1,-29.640411376953125,0.8014940023422241
12,57,1,-29.74349021911621,0.8021224737167358
12,58,1,-29.337032318115234,0.8025708198547363
12,59,1,-29.838375091552734,0.8030106425285339
12,60,1,-29.864604949951172,0.8034012317657471
12,61,1,-29.754188537597656,0.8026959300041199
12,62,1,-29.742721557617188,0.801433265209198
12,63,1,-29.686803817749023,0.8009783029556274
12,64,1,-29.756427764892578,0.8002632856369019
12,65,1,-28.2064151763916,0.8006311655044556
12,66,1,-28.241775512695312,0.8008310794830322
12,67,1,-29.759395599365234,0.8001570701599121
12,68,1,-29.771120071411133,0.7994839549064636
12,69,1,-29.597461700439453,0.7992498278617859
12,70,1,-29.63983726501465,0.799399733543396
12,71,1,-29.742626190185547,0.7997156977653503
12,72,1,-29.777135848999023,0.8002433776855469
12,73,1,-29.328880310058594,0.8008092641830444
12,74,1,-29.03614044189453,0.8008655309677124
12,75,1,-29.278209686279297,0.8009929656982422
12,76,1,-29.58193588256836,0.8012504577636719
12,77,1,-29.490079879760742,0.8018295168876648
12,78,1,-29.45573616027832,0.8024196028709412
12,79,1,-27.745586395263672,0.8026838302612305
12,80,1,-28.362384796142578,0.8021125793457031
12,81,1,-28.419401168823242,0.8014740347862244
12,82,1,-29.464248657226562,0.8023067712783813
12,83,1,-29.30170440673828,0.8032253980636597
12,84,1,-29.613048553466797,0.8034335970878601
12,85,1,-29.61162757873535,0.8037290573120117
12,86,1,-29.57634162902832,0.8031207919120789
12,87,1,-29.609180450439453,0.8026043772697449
12,88,1,-29.62615203857422,0.8015081286430359
12,89,1,-29.513578414916992,0.8010289669036865
12,90,1,-29.537078857421875,0.8014678955078125
12,91,1,-29.466293334960938,0.8014177083969116
12,92,1,-29.45061683654785,0.8010351061820984
12,93,1,-29.409915924072266,0.7999918460845947
12,94,1,-29.283721923828125,0.7994009256362915
12,95,1,-29.11883544921875,0.7996225357055664
12,96,1,-28.956987380981445,0.7999910712242126
12,97,1,-29.10007667541504,0.8000558614730835
12,98,1,-28.934120178222656,0.800066351890564
12,99,1,-29.152076721191406,0.8003034591674805
12,100,1,-29.271146774291992,0.8002872467041016
12,101,1,-29.201148986816406,0.8003629446029663
12,102,1,-28.83204460144043,0.8008005023002625
12,103,1,-29.129261016845703,0.8011559247970581
12,104,1,-28.69450569152832,0.8010914325714111
12,105,1,-28.65716552734375,0.8004913330078125
12,106,1,-28.772506713867188,0.8001108169555664
12,107,1,-28.779813766479492,0.8003400564193726
12,108,1,-28.709001541137695,0.8006467223167419
12,109,1,-28.74089241027832,0.801101803779602
12,110,1,-28.940465927124023,0.8015737533569336
12,111,1,-28.4746150970459,0.8015510439872742
12,112,1,-28.60184669494629,0.8018683791160583
12,113,1,-28.43724822998047,0.8016592860221863
12,114,1,-28.614002227783203,0.8001887798309326
12,115,1,-28.81838607788086,0.8008920550346375
12,116,1,-28.80830955505371,0.8006393909454346
12,117,1,-28.74605941772461,0.8006525039672852
12,118,1,-28.738269805908203,0.800626277923584
12,119,1,-28.799579620361328,0.800376832485199
12,120,1,-28.867877960205078,0.7997161746025085
12,121,1,-28.974849700927734,0.7987630367279053
12,122,1,-28.839807510375977,0.7989298701286316
12,123,1,-28.75171661376953,0.7993282079696655
12,124,1,-28.90286636352539,0.799569308757782
12,125,1,-28.993093490600586,0.7997934818267822
12,126,1,-29.051288604736328,0.8003107309341431
12,127,1,-29.021770477294922,0.8010811805725098
12,128,1,-28.871482849121094,0.8011177778244019
12,129,1,-28.910329818725586,0.8004288077354431
12,130,1,-29.045848846435547,0.8004533648490906
12,131,1,-29.039201736450195,0.8004605770111084
12,132,1,-29.020654678344727,0.8007488250732422
12,133,1,-29.065855026245117,0.8009929656982422
12,134,1,-28.86172866821289,0.8022515773773193
12,135,1,-29.019359588623047,0.8031725287437439
12,136,1,-28.689355850219727,0.8032228946685791
12,137,1,-28.694936752319336,0.8031604290008545
12,138,1,-28.793827056884766,0.8032509684562683
12,139,1,-29.29143524169922,0.8024418354034424
12,140,1,-29.005544662475586,0.8015692234039307
12,141,1,-28.914424896240234,0.8015663027763367
12,142,1,-28.524917602539062,0.8020267486572266
12,143,1,-28.553050994873047,0.801561713218689
12,144,1,-28.52104377746582,0.8018289804458618
12,145,1,-28.52574920654297,0.8024305105209351
12,146,1,-28.69147491455078,0.8021470308303833
12,147,1,-28.626808166503906,0.8014734983444214
12,148,1,-28.590566635131836,0.8004385828971863
12,149,1,-28.601974487304688,0.8000029921531677
12,150,1,-28.681316375732422,0.8000720739364624
12,151,1,-28.81573486328125,0.8011926412582397
12,152,1,-28.773815155029297,0.8022494316101074
12,153,1,-28.697410583496094,0.8021206855773926
12,154,1,-28.84974479675293,0.8018283843994141
12,155,1,-28.87578582763672,0.8022141456604004
12,156,1,-28.740652084350586,0.8021005988121033
12,157,1,-28.749813079833984,0.8035235404968262
12,158,1,-28.790205001831055,0.8048768043518066
12,159,1,-28.82170867919922,0.8050352931022644
12,160,1,-28.741641998291016,0.803921103477478
12,161,1,-28.728723526000977,0.8044208288192749
12,162,1,-28.634260177612305,0.8043929934501648
12,163,1,-28.757307052612305,0.8042420744895935
12,164,1,-28.711936950683594,0.8043818473815918
12,165,1,-28.72530746459961,0.8036266565322876
12,166,1,-7.238821506500244,0.809407651424408
12,167,1,-25.452157974243164,0.8039144277572632
12,168,1,-28.50929069519043,0.8025184869766235
12,169,1,-28.546321868896484,0.8027435541152954
12,170,1,-28.557035446166992,0.8027786612510681
12,171,1,-28.562305450439453,0.8023734092712402
12,172,1,-28.442907333374023,0.8023484945297241
12,173,1,-28.546945571899414,0.8024272918701172
12,174,1,-28.091041564941406,0.8018838167190552
12,175,1,-28.050508499145508,0.8021385073661804
12,176,1,-27.935504913330078,0.8013729453086853
12,177,1,-28.307113647460938,0.8012086749076843
12,178,1,-28.205297470092773,0.8014419078826904
12,179,1,-28.21881866455078,0.8017656803131104
12,180,1,-28.492223739624023,0.8013162612915039
12,181,1,-28.6054630279541,0.8032161593437195
12,182,1,-28.470867156982422,0.8033553957939148
12,183,1,-28.671661376953125,0.8021234273910522
12,184,1,-28.794933319091797,0.8013306856155396
12,185,1,-29.0262451171875,0.8045738935470581
12,186,1,-28.851594924926758,0.8053714632987976
12,187,1,-28.830181121826172,0.8055987358093262
12,188,1,-29.0128173828125,0.8061186075210571
12,189,1,-28.994117736816406,0.8046592473983765
12,190,1,-29.161113739013672,0.8040110468864441
12,191,1,-27.771106719970703,0.8035057783126831
12,192,1,-27.744808197021484,0.8029760122299194
12,193,1,-29.258155822753906,0.8014507293701172
12,194,1,-29.036579132080078,0.8013851046562195
12,195,1,-29.019479751586914,0.8008858561515808
12,196,1,-28.968088150024414,0.8008832335472107
12,197,1,-29.095619201660156,0.8011106252670288
12,198,1,-29.015438079833984,0.8020299673080444
12,199,1,-29.375993728637695,0.8023334741592407
12,200,1,-29.401268005371094,0.80219566822052
12,201,1,-29.322845458984375,0.8014233112335205
12,202,1,-29.437381744384766,0.8004671931266785
12,203,1,-29.540054321289062,0.8001965880393982
12,204,1,-28.776714324951172,0.8008471727371216
12,205,1,-28.72572898864746,0.8017085790634155
12,206,1,-29.36967658996582,0.8020100593566895
12,207,1,-29.375816345214844,0.8015942573547363
12,208,1,-29.44762420654297,0.8019871711730957
12,209,1,-29.390695571899414,0.8016535639762878
12,210,1,-29.220947265625,0.8023327589035034
12,211,1,-29.446319580078125,0.8034772276878357
12,212,1,-29.732820510864258,0.8031286001205444
12,213,1,-29.261356353759766,0.8033203482627869
12,214,1,-29.267562866210938,0.802098274230957
12,215,1,-29.694828033447266,0.7990524768829346
12,216,1,-29.610363006591797,0.7974931597709656
12,217,1,-28.831567764282227,0.7962532043457031
12,218,1,-29.909860610961914,0.7951239943504333
12,219,1,-29.92776107788086,0.7946960926055908
12,220,1,-28.893774032592773,0.79527747631073
12,221,1,-30.067256927490234,0.7948018908500671
12,222,1,-30.139644622802734,0.7948005199432373
12,223,1,-30.229738235473633,0.7948189973831177
13,8,0,-29.707796096801758,0.7994284629821777
13,9,0,-29.709280014038086,0.8000756502151489
13,10,0,-29.52591323852539,0.8010159730911255
13,11,0,-29.562332153320312,0.8004356622695923
13,12,0,-29.489953994750977,0.8015230894088745
13,13,0,-29.38911247253418,0.8019531965255737
13,14,0,-29.607887268066406,0.8018059730529785
13,15,0,-29.63018035888672,0.8016012907028198
13,16,0,-29.499347686767578,0.8014172315597534
13,17,0,-29.09415054321289,0.8001944422721863
13,18,0,-29.107873916625977,0.7990776896476746
13,19,1,-29.239961624145508,0.7991496920585632
13,20,1,-29.201026916503906,0.7996427416801453
13,21,1,-29.178857803344727,0.7998671531677246
13,22,1,-29.378021240234375,0.8001469969749451
13,23,1,-29.381336212158203,0.8006348609924316
13,24,1,-29.235553741455078,0.8012789487838745
13,25,1,-27.820362091064453,0.8026401996612549
13,26,1,-29.306631088256836,0.8025754690170288
13,27,1,-29.169570922851562,0.8017735481262207
13,28,1,-29.013044357299805,0.8018479347229004
13,29,1,-29.135494232177734,0.801240086555481
13,30,1,-29.304201126098633,0.8011003732681274
13,31,1,-29.44286346435547,0.8017749786376953
13,32,1,-29.61064910888672,0.8025511503219604
13,33,1,-29.524715423583984,0.8028151392936707
13,34,1,-29.54171371459961,0.8034456968307495
13,35,1,-29.500507354736328,0.8038650751113892
13,36,1,-29.302196502685547,0.8040242195129395
13,37,1,-29.197023391723633,0.803339958190918
13,38,1,-29.310104370117188,0.8025431632995605
13,39,1,-29.348676681518555,0.8015401363372803
13,40,1,-29.02932357788086,0.8011302947998047
13,41,1,-28.85053253173828,0.8008211851119995
13,42,1,-29.244234085083008,0.8000407218933105
13,43,1,-29.469148635864258,0.7994121313095093
13,44,1,-28.765962600708008,0.799414336681366
13,45,1,-28.997249603271484,0.7993197441101074
13,46,1,-29.212928771972656,0.799708366394043
13,47,1,-29.173288345336914,0.8002261519432068
13,48,1,-28.970020294189453,0.8004106283187866
13,49,1,-28.99783706665039,0.8006261587142944
13,50,1,-28.74626350402832,0.8008167147636414
13,51,1,-28.829975128173828,0.8011544942855835
13,52,1,-29.511398315429688,0.8014749884605408
13,53,1,-29.14331817626953,0.8013510704040527
13,54,1,-29.204072952270508,0.800717294216156
13,55,1,-28.9310359954834,0.8004624843597412
13,56,1,-28.827550888061523,0.8006184101104736
13,57,1,-28.702173233032227,0.8012992739677429
13,58,1,-29.272432327270508,0.8020314574241638
13,59,1,-28.78312110900879,0.8036401271820068
13,60,1,-28.91000747680664,0.8037108182907104
13,61,1,-29.417098999023438,0.8037480115890503
13,62,1,-29.122961044311523,0.8028368353843689
13,63,1,-29.48676872253418,0.802053689956665
13,64,1,-29.616378784179688,0.8016816973686218
13,65,1,-28.90190887451172,0.8016988039016724
13,66,1,-28.774080276489258,0.8014294505119324
13,67,1,-28.15518569946289,0.8015990257263184
13,68,1,-29.59929656982422,0.8005001544952393
13,69,1,-29.70549774169922,0.8003291487693787
13,70,1,-29.751665115356445,0.8004707098007202
13,71,1,-29.735591888427734,0.8002002239227295
13,72,1,-29.480056762695312,0.8000777959823608
13,73,1,-29.13410186767578,0.8000819683074951
13,74,1,-28.952293395996094,0.8004618883132935
13,75,1,-29.177139282226562,0.8008891940116882
13,76,1,-29.72333526611328,0.8012237548828125
13,77,1,-29.59346580505371,0.801628589630127
13,78,1,-29.454496383666992,0.801676869392395
13,79,1,-29.34252166748047,0.8016874194145203
13,80,1,-27.571117401123047,0.8012820482254028
13,81,1,-27.86772918701172,0.8009166717529297
13,82,1,-28.721969604492188,0.8005037307739258
13,83,1,-28.590755462646484,0.8009694814682007
13,84,1,-29.357933044433594,0.8021807670593262
13,85,1,-29.0557861328125,0.8029200434684753
13,86,1,-28.866504669189453,0.8028578758239746
13,87,1,-28.79633903503418,0.8027631044387817
13,88,1,-28.914886474609375,0.8024624586105347
13,89,1,-29.039348602294922,0.8017181158065796
13,90,1,-28.99502944946289,0.8014955520629883
13,91,1,-29.304641723632812,0.8013402819633484
13,92,1,-29.40728187561035,0.8020401000976562
13,93,1,-29.08329200744629,0.8018859624862671
13,94,1,-28.728361129760742,0.8012212514877319
13,95,1,-29.010412216186523,0.8004147410392761
13,96,1,-29.376480102539062,0.8005185127258301
13,97,1,-29.364158630371094,0.8001532554626465
13,98,1,-29.129459381103516,0.8001216650009155
13,99,1,-29.16612434387207,0.8000755310058594
13,100,1,-29.24483299255371,0.7999929189682007
13,101,1,-29.589862823486328,0.8002545833587646
13,102,1,-29.09044075012207,0.8003682494163513
13,103,1,-28.950054168701172,0.8010517954826355
13,104,1,-28.996896743774414,0.8014892339706421
13,105,1,-29.07758331298828,0.8018683195114136
13,106,1,-29.182430267333984,0.8015542030334473
13,107,1,-28.98256492614746,0.8005166053771973
13,108,1,-28.728342056274414,0.8002661466598511
13,109,1,-28.302650451660156,0.8005101084709167
13,110,1,-28.294063568115234,0.8016051650047302
13,111,1,-29.31962013244629,0.8023532629013062
13,112,1,-28.168336868286133,0.8030288219451904
13,113,1,-28.33245849609375,0.8023982048034668
13,114,1,-28.222900390625,0.8009688258171082
13,115,1,-28.559513092041016,0.8013250827789307
13,116,1,-28.764423370361328,0.8022799491882324
13,117,1,-28.85759735107422,0.8027124404907227
13,118,1,-28.770416259765625,0.8027322292327881
13,119,1,-28.6557674407959,0.8019387722015381
13,120,1,-28.647268295288086,0.8008632659912109
13,121,1,-29.154138565063477,0.8007065057754517
13,122,1,-29.285383224487305,0.8001933097839355
13,123,1,-29.083385467529297,0.8003134727478027
13,124,1,-29.12851333618164,0.8005496263504028
13,125,1,-29.216712951660156,0.8006603717803955
13,126,1,-29.130430221557617,0.8003909587860107
13,127,1,-29.199926376342773,0.8007487654685974
13,128,1,-29.267807006835938,0.8016715049743652
13,129,1,-29.33022689819336,0.8024210929870605
13,130,1,-29.35791015625,0.8025395274162292
13,131,1,-29.394569396972656,0.8021582961082458
13,132,1,-29.328514099121094,0.8023235201835632
13,133,1,-29.448068618774414,0.802712619304657
13,134,1,-29.467357635498047,0.8033542633056641
13,135,1,-29.365232467651367,0.8036674857139587
13,136,1,-29.421157836914062,0.8047325015068054
13,137,1,-28.803537368774414,0.8050107955932617
13,138,1,-28.857418060302734,0.8044546842575073
13,139,1,-28.761499404907227,0.8031550645828247
13,140,1,-29.410173416137695,0.80320805311203
13,141,1,-29.32894515991211,0.8022984862327576
13,142,1,-29.198467254638672,0.8018217086791992
13,143,1,-28.947811126708984,0.8021053671836853
13,144,1,-28.78351593017578,0.8024215698242188
13,145,1,-28.50857162475586,0.802614688873291
13,146,1,-28.599700927734375,0.801837146282196
13,147,1,-28.788450241088867,0.8004993200302124
13,148,1,-28.372516632080078,0.8005822896957397
13,149,1,-28.53569793701172,0.8004342317581177
13,150,1,-28.838584899902344,0.7999946475028992
13,151,1,-28.94675064086914,0.7999750971794128
13,152,1,-29.21114158630371,0.800622820854187
13,153,1,-29.41759490966797,0.8010870218276978
13,154,1,-29.390151977539062,0.8013841509819031
13,155,1,-29.219587326049805,0.8010965585708618
13,156,1,-29.2750244140625,0.8012441396713257
13,157,1,-29.291889190673828,0.8017032146453857
13,158,1,-29.22820281982422,0.8026620149612427
13,159,1,-29.37383270263672,0.8035513758659363
13,160,1,-29.394474029541016,0.8028422594070435
13,161,1,-29.341434478759766,0.8040359020233154
13,162,1,-29.252737045288086,0.8045080900192261
13,163,1,-29.26702880859375,0.804766058921814
13,164,1,-29.35760498046875,0.8055552244186401
13,165,1,-29.31064224243164,0.8056208491325378
13,166,1,-29.323570251464844,0.8034372329711914
13,167,1,-6.873069763183594,0.8093999624252319
13,168,1,-25.15214729309082,0.8041914701461792
13,169,1,-29.35198974609375,0.8029258251190186
13,170,1,-29.28041648864746,0.8033590316772461
13,171,1,-29.180004119873047,0.8031314611434937
13,172,1,-29.39740753173828,0.8026777505874634
13,173,1,-29.48369598388672,0.8024737238883972
13,174,1,-29.379417419433594,0.8021554946899414
13,175,1,-28.651124954223633,0.8025514483451843
13,176,1,-28.830699920654297,0.8024123907089233
13,177,1,-29.235763549804688,0.8018007278442383
13,178,1,-29.274871826171875,0.8018225431442261
13,179,1,-29.206647872924805,0.8015018701553345
13,180,1,-29.194568634033203,0.8011903762817383
13,181,1,-29.19491958618164,0.8020243048667908
13,182,1,-29.180696487426758,0.8034424781799316
13,183,1,-29.107486724853516,0.8037400245666504
13,184,1,-29.060752868652344,0.8033124208450317
13,185,1,-29.089691162109375,0.8033145666122437
13,186,1,-29.05088233947754,0.8038382530212402
13,187,1,-28.843868255615234,0.8037602305412292
13,188,1,-29.250795364379883,0.8055137991905212
13,189,1,-29.297924041748047,0.8063358664512634
13,190,1,-29.259143829345703,0.8045877814292908
13,191,1,-28.298770904541016,0.8042632937431335
13,192,1,-28.224002838134766,0.8021869659423828
13,193,1,-29.234220504760742,0.8015174865722656
13,194,1,-29.286113739013672,0.8021407127380371
13,195,1,-29.157869338989258,0.8021878004074097
13,196,1,-29.02324676513672,0.8015572428703308
13,197,1,-29.09654426574707,0.8011156320571899
13,198,1,-29.13552474975586,0.8013946413993835
13,199,1,-29.219799041748047,0.8019882440567017
13,200,1,-29.009246826171875,0.8021246194839478
13,201,1,-28.9193058013916,0.8022583723068237
13,202,1,-28.89197540283203,0.8018369674682617
13,203,1,-28.710250854492188,0.8003338575363159
13,204,1,-27.15782928466797,0.8011178970336914
13,205,1,-28.0910587310791,0.8017908930778503
13,206,1,-28.060176849365234,0.8019282221794128
13,207,1,-28.492822647094727,0.8011566996574402
13,208,1,-28.510263442993164,0.8022870421409607
13,209,1,-28.481395721435547,0.8032016158103943
13,210,1,-28.67182159423828,0.803094744682312
13,211,1,-28.867481231689453,0.8021441698074341
13,212,1,-29.049482345581055,0.8034889101982117
13,213,1,-29.01354217529297,0.803942084312439
13,214,1,-28.86174774169922,0.80312180519104
13,215,1,-28.845569610595703,0.8001825213432312
13,216,1,-28.9284610748291,0.7990374565124512
13,217,1,-28.988849639892578,0.797637939453125
13,218,1,-28.640522003173828,0.7959997653961182
13,219,1,-29.23644256591797,0.7953289747238159
13,220,1,-28.019306182861328,0.7959129214286804
13,221,1,-28.1180477142334,0.7959884405136108
13,222,1,-29.384777069091797,0.7954877614974976
13,223,1,-29.31330108642578,0.7955487966537476
13,224,1,-29.399595260620117,0.795566737651825
15,8,0,-30.041160583496094,0.7975219488143921
15,9,0,-30.25813865661621,0.7981319427490234
15,10,0,-30.151769638061523,0.7988476753234863
15,11,0,-29.55535125732422,0.799332320690155
15,12,0,-29.715057373046875,0.7988051176071167
15,13,0,-29.713977813720703,0.7988458871841431
15,14,0,-29.755970001220703,0.7990741729736328
15,15,0,-29.721946716308594,0.7991685271263123
15,16,0,-29.79732322692871,0.7994253039360046
15,17,0,-30.04915428161621,0.8001186847686768
15,18,0,-29.97928810119629,0.8003377318382263
15,19,1,-29.867345809936523,0.7995249629020691
15,20,1,-29.84981346130371,0.7991805076599121
15,21,1,-29.56208038330078,0.7988330125808716
15,22,1,-29.363826751708984,0.7987102270126343
15,23,1,-29.34060287475586,0.7989064455032349
15,24,1,-29.4603271484375,0.7994701862335205
15,25,1,-29.565317153930664,0.7998937368392944
15,26,1,-27.884742736816406,0.8004567623138428
15,27,1,-28.009117126464844,0.8003028631210327
15,28,1,-29.450138092041016,0.7995517253875732
15,29,1,-29.29397201538086,0.7998234629631042
15,30,1,-29.206743240356445,0.8006376028060913
15,31,1,-29.11362075805664,0.800972580909729
15,32,1,-29.27854347229004,0.8014016151428223
15,33,1,-29.361989974975586,0.8014817237854004
15,34,1,-29.15960121154785,0.8014497756958008
15,35,1,-28.85563850402832,0.8012463450431824
15,36,1,-29.336814880371094,0.801354169845581
15,37,1,-29.551036834716797,0.8012623190879822
15,38,1,-29.394886016845703,0.801172137260437
15,39,1,-29.248865127563477,0.8003417253494263
15,40,1,-29.299375534057617,0.799308180809021
15,41,1,-29.16189193725586,0.7986763715744019
15,42,1,-29.038658142089844,0.7989697456359863
15,43,1,-29.30335235595703,0.7998366355895996
15,44,1,-29.370159149169922,0.7999863624572754
15,45,1,-28.797557830810547,0.7998880743980408
15,46,1,-29.037139892578125,0.799688994884491
15,47,1,-29.29271697998047,0.7985520362854004
15,48,1,-29.513900756835938,0.7984122037887573
15,49,1,-29.295848846435547,0.7994815707206726
15,50,1,-29.371583938598633,0.8003827333450317
15,51,1,-29.244098663330078,0.8009896278381348
15,52,1,-29.405851364135742,0.8007060885429382
15,53,1,-29.230796813964844,0.8001222014427185
15,54,1,-29.203838348388672,0.7999987602233887
15,55,1,-29.693586349487305,0.7999181747436523
15,56,1,-29.375837326049805,0.8012995719909668
15,57,1,-29.750211715698242,0.8016826510429382
15,58,1,-29.708999633789062,0.8004741668701172
15,59,1,-28.940017700195312,0.8004979491233826
15,60,1,-29.044384002685547,0.8015799522399902
15,61,1,-29.132694244384766,0.8019287586212158
15,62,1,-29.72951889038086,0.8026942014694214
15,63,1,-29.835546493530273,0.8026957511901855
15,64,1,-29.779985427856445,0.8023092150688171
15,65,1,-29.602270126342773,0.8016902804374695
15,66,1,-29.33025550842285,0.7997121810913086
15,67,1,-29.146411895751953,0.799048125743866
15,68,1,-29.22899627685547,0.7996403574943542
15,69,1,-28.081295013427734,0.800532341003418
15,70,1,-29.61589813232422,0.800631046295166
15,71,1,-29.602434158325195,0.8004292249679565
15,72,1,-29.74139404296875,0.8004028797149658
15,73,1,-29.934789657592773,0.8004339933395386
15,74,1,-29.67613983154297,0.799841582775116
15,75,1,-29.68734359741211,0.7991682887077332
15,76,1,-29.63412094116211,0.7990363836288452
15,77,1,-29.31605339050293,0.7994405627250671
15,78,1,-28.91153335571289,0.7988680601119995
15,79,1,-29.431476593017578,0.7990329265594482
15,80,1,-29.535634994506836,0.799576997756958
15,81,1,-29.751659393310547,0.8002991080284119
15,82,1,-27.742595672607422,0.8012803792953491
15,83,1,-29.13058853149414,0.8013406991958618
15,84,1,-28.964561462402344,0.8011011481285095
15,85,1,-29.08087158203125,0.8009468913078308
15,86,1,-29.541431427001953,0.8024883270263672
15,87,1,-29.90882682800293,0.802335262298584
15,88,1,-29.673059463500977,0.8016156554222107
15,89,1,-29.103641510009766,0.800895094871521
15,90,1,-29.065994262695312,0.8010008335113525
15,91,1,-29.018526077270508,0.800430953502655
15,92,1,-29.029685974121094,0.799691379070282
15,93,1,-28.985166549682617,0.7999207973480225
15,94,1,-28.929452896118164,0.800426721572876
15,95,1,-29.26605224609375,0.8010754585266113
15,96,1,-29.267364501953125,0.8010868430137634
15,97,1,-29.186918258666992,0.8008710145950317
15,98,1,-29.0179443359375,0.8014156222343445
15,99,1,-28.79065704345703,0.8013910055160522
15,100,1,-28.49203109741211,0.8001234531402588
15,101,1,-28.828609466552734,0.7996088266372681
15,102,1,-28.951725006103516,0.7994515895843506
15,103,1,-28.867578506469727,0.7978228330612183
15,104,1,-29.173315048217773,0.7983350157737732
15,105,1,-28.64260482788086,0.7984904050827026
15,106,1,-28.65655517578125,0.7986173033714294
15,107,1,-28.806377410888672,0.7994322776794434
15,108,1,-28.39958381652832,0.8002525568008423
15,109,1,-28.63376235961914,0.8004651069641113
15,110,1,-28.8381290435791,0.8012545108795166
15,111,1,-28.83678436279297,0.8015062212944031
15,112,1,-28.495628356933594,0.8011331558227539
15,113,1,-28.429262161254883,0.8005751371383667
15,114,1,-28.695030212402344,0.8016912341117859
15,115,1,-28.892330169677734,0.8016666173934937
15,116,1,-29.090450286865234,0.7995091676712036
15,117,1,-29.00886344909668,0.7991966605186462
15,118,1,-28.999618530273438,0.7995092272758484
15,119,1,-28.921550750732422,0.7999294996261597
15,120,1,-28.92193603515625,0.7999522089958191
15,121,1,-29.049291610717773,0.8007302284240723
15,122,1,-29.03236198425293,0.8014177083969116
15,123,1,-28.96532440185547,0.8012908697128296
15,124,1,-28.954561233520508,0.8012497425079346
15,125,1,-28.74529266357422,0.8009998202323914
15,126,1,-28.67316436767578,0.8001303672790527
15,127,1,-28.761009216308594,0.800689697265625
15,128,1,-28.757020950317383,0.800560712814331
15,129,1,-28.841629028320312,0.799950361251831
15,130,1,-28.798297882080078,0.7994568347930908
15,131,1,-29.046737670898438,0.800458550453186
15,132,1,-28.877761840820312,0.8008832335472107
15,133,1,-28.91702651977539,0.8008317947387695
15,134,1,-29.17138671875,0.8009151220321655
15,135,1,-29.342933654785156,0.8012811541557312
15,136,1,-29.271162033081055,0.8011598587036133
15,137,1,-29.3961238861084,0.8007575273513794
15,138,1,-29.511728286743164,0.8010846972465515
15,139,1,-29.535072326660156,0.801803469657898
15,140,1,-29.067642211914062,0.8016836047172546
15,141,1,-28.85430335998535,0.8013238906860352
15,142,1,-29.25885009765625,0.800004243850708
15,143,1,-29.245128631591797,0.8008650541305542
15,144,1,-29.21471405029297,0.8016558885574341
15,145,1,-29.155818939208984,0.8021594882011414
15,146,1,-29.204303741455078,0.8023735880851746
15,147,1,-28.90437126159668,0.8021835088729858
15,148,1,-28.94491195678711,0.8026739954948425
15,149,1,-28.696670532226562,0.8026618361473083
15,150,1,-29.048038482666016,0.8020414113998413
15,151,1,-29.003150939941406,0.8016900420188904
15,152,1,-29.079378128051758,0.8014423847198486
15,153,1,-29.292110443115234,0.8009093999862671
15,154,1,-29.29436492919922,0.8012225031852722
15,155,1,-29.14638328552246,0.8009321093559265
15,156,1,-29.142860412597656,0.7996237277984619
15,157,1,-29.24790382385254,0.8001104593276978
15,158,1,-29.09885597229004,0.8005404472351074
15,159,1,-29.243867874145508,0.801355242729187
15,160,1,-29.22807502746582,0.8013726472854614
15,161,1,-29.278106689453125,0.802093505859375
15,162,1,-29.447500228881836,0.8023228645324707
15,163,1,-29.416961669921875,0.8027049899101257
15,164,1,-29.297222137451172,0.8036344051361084
15,165,1,-29.363048553466797,0.8042407035827637
15,166,1,-29.477397918701172,0.803512692451477
15,167,1,-29.467668533325195,0.802524745464325
15,168,1,-29.449932098388672,0.8014893531799316
15,169,1,-29.416187286376953,0.8016640543937683
15,170,1,-9.621878623962402,0.8074025511741638
15,171,1,-26.827497482299805,0.8024579882621765
15,172,1,-29.107303619384766,0.8018860220909119
15,173,1,-29.143447875976562,0.8017091155052185
15,174,1,-29.332294464111328,0.8013438582420349
15,175,1,-29.29246711730957,0.8010097742080688
15,176,1,-29.2372989654541,0.8009540438652039
15,177,1,-29.165969848632812,0.8004395365715027
15,178,1,-29.089242935180664,0.8002652525901794
15,179,1,-28.16216468811035,0.8002018928527832
15,180,1,-28.750038146972656,0.7995437383651733
15,181,1,-28.832408905029297,0.7988678812980652
15,182,1,-28.836843490600586,0.799207329750061
15,183,1,-28.716045379638672,0.7998737692832947
15,184,1,-28.710214614868164,0.800302267074585
15,185,1,-28.625186920166016,0.8007988333702087
15,186,1,-28.381759643554688,0.8017358779907227
15,187,1,-28.345855712890625,0.8026394248008728
15,188,1,-28.647716522216797,0.803309440612793
15,189,1,-28.703292846679688,0.8041362762451172
15,190,1,-28.72971534729004,0.8036355972290039
15,191,1,-28.736003875732422,0.8027275800704956
15,192,1,-28.853416442871094,0.8036651611328125
15,193,1,-28.868314743041992,0.803937554359436
15,194,1,-27.882183074951172,0.8032951354980469
15,195,1,-27.795578002929688,0.8020461797714233
15,196,1,-28.832759857177734,0.8006128072738647
15,197,1,-28.68281364440918,0.8004156351089478
15,198,1,-28.928462982177734,0.8001283407211304
15,199,1,-28.849170684814453,0.8005608320236206
15,200,1,-28.736873626708984,0.801220178604126
15,201,1,-29.02298927307129,0.8013538122177124
15,202,1,-29.148700714111328,0.8009837865829468
15,203,1,-28.931991577148438,0.800454318523407
15,204,1,-29.074804306030273,0.8006336092948914
15,205,1,-29.095935821533203,0.8000397682189941
15,206,1,-29.248306274414062,0.7993911504745483
15,207,1,-29.091894149780273,0.7985149621963501
15,208,1,-28.441146850585938,0.7983253002166748
15,209,1,-28.26432991027832,0.7994717955589294
15,210,1,-28.98242950439453,0.7999664545059204
15,211,1,-29.14289665222168,0.8003534078598022
15,212,1,-29.31368064880371,0.8011916875839233
15,213,1,-29.505889892578125,0.8012074828147888
15,214,1,-29.48568344116211,0.8004898428916931
15,215,1,-29.489309310913086,0.7998862266540527
15,216,1,-29.093406677246094,0.7999476194381714
15,217,1,-29.427854537963867,0.7996451258659363
15,218,1,-29.32935905456543,0.7984141111373901
15,219,1,-29.367277145385742,0.7974218726158142
15,220,1,-29.49245834350586,0.7969214916229248
15,221,1,-29.600418090820312,0.7958104610443115
15,222,1,-28.513641357421875,0.795634388923645
15,223,1,-29.585359573364258,0.7950534224510193
15,224,1,-29.60757064819336,0.7951169013977051
15,225,1,-29.53650665283203,0.7953691482543945
15,226,1,-29.66082000732422,0.7954529523849487
15,227,1,-29.528564453125,0.7954486608505249
15,228,1,-29.3131160736084,0.7952988147735596
22,8,0,-28.842496871948242,0.7993304133415222
22,9,0,-28.406505584716797,0.8000011444091797
22,10,0,-28.965373992919922,0.8002326488494873
22,11,0,-28.915864944458008,0.8005205392837524
22,12,0,-29.092309951782227,0.8012161254882812
22,13,0,-29.11613655090332,0.801358699798584
22,14,0,-29.10892105102539,0.8015657663345337
22,15,0,-28.984905242919922,0.8018376231193542
22,16,0,-28.74798011779785,0.8037218451499939
22,17,0,-28.527538299560547,0.8019554018974304
22,18,0,-28.940345764160156,0.7995542287826538
22,19,1,-29.23710060119629,0.7990056872367859
22,20,1,-29.545490264892578,0.7987418174743652
22,21,1,-29.58929443359375,0.7983657717704773
22,22,1,-29.715869903564453,0.7986952662467957
22,23,1,-29.76382064819336,0.7994555234909058
22,24,1,-29.873464584350586,0.7999957799911499
22,25,1,-28.256786346435547,0.8008687496185303
22,26,1,-28.027973175048828,0.8012341260910034
22,27,1,-29.6318359375,0.8011364936828613
22,28,1,-29.727563858032227,0.8016107082366943
22,29,1,-29.73085594177246,0.8017185926437378
22,30,1,-29.805377960205078,0.8012916445732117
22,31,1,-29.66971206665039,0.8010464906692505
22,32,1,-29.274845123291016,0.8014743328094482
22,33,1,-29.0478515625,0.8015028834342957
22,34,1,-28.95987319946289,0.8014757037162781
22,35,1,-28.789270401000977,0.8019368052482605
22,36,1,-28.45989990234375,0.8025074005126953
22,37,1,-28.525009155273438,0.8027836680412292
22,38,1,-28.13341522216797,0.80235755443573
22,39,1,-27.636499404907227,0.8019375801086426
22,40,1,-28.21636390686035,0.8013447523117065
22,41,1,-28.148643493652344,0.8009828329086304
22,42,1,-28.41626739501953,0.8007055521011353
22,43,1,-28.54867935180664,0.8004891276359558
22,44,1,-28.020963668823242,0.8003102540969849
22,45,1,-27.793685913085938,0.8000279664993286
22,46,1,-27.759204864501953,0.7992619276046753
22,47,1,-28.362112045288086,0.7990855574607849
22,48,1,-28.476411819458008,0.7995669841766357
22,49,1,-28.63904571533203,0.8000251054763794
22,50,1,-28.462810516357422,0.8001736998558044
22,51,1,-28.441417694091797,0.8002223968505859
22,52,1,-28.944660186767578,0.800348162651062
22,53,1,-28.878337860107422,0.8005701899528503
22,54,1,-28.9351806640625,0.8005679845809937
22,55,1,-29.086700439453125,0.8004757761955261
22,56,1,-29.024686813354492,0.8006722331047058
22,57,1,-28.935317993164062,0.8012198209762573
22,58,1,-28.99043083190918,0.8011020421981812
22,59,1,-29.116809844970703,0.8007165193557739
22,60,1,-28.938430786132812,0.8012725114822388
22,61,1,-29.25295066833496,0.8018546104431152
22,62,1,-28.81692886352539,0.8020710349082947
22,63,1,-29.092483520507812,0.8020241260528564
22,64,1,-29.17576026916504,0.8016436100006104
22,65,1,-28.958858489990234,0.800970733165741
22,66,1,-28.96486473083496,0.800655722618103
22,67,1,-27.86471176147461,0.8009728193283081
22,68,1,-29.073810577392578,0.8009080290794373
22,69,1,-28.873210906982422,0.8014825582504272
22,70,1,-28.737974166870117,0.8013437986373901
22,71,1,-28.775405883789062,0.8004239797592163
22,72,1,-28.787691116333008,0.7996900081634521
22,73,1,-28.814838409423828,0.7988023161888123
22,74,1,-28.96601104736328,0.7990238070487976
22,75,1,-28.845741271972656,0.7995491027832031
22,76,1,-28.868877410888672,0.7999053001403809
22,77,1,-29.235437393188477,0.8002911806106567
22,78,1,-29.263622283935547,0.800517201423645
22,79,1,-29.138145446777344,0.8002909421920776
22,80,1,-27.218429565429688,0.8005191683769226
22,81,1,-28.10075569152832,0.800545871257782
22,82,1,-28.19196319580078,0.8009448051452637
22,83,1,-28.464086532592773,0.8017048835754395
22,84,1,-28.759252548217773,0.8022710680961609
22,85,1,-29.116867065429688,0.8015264272689819
22,86,1,-28.71727180480957,0.8011671900749207
22,87,1,-28.41172981262207,0.8015342950820923
22,88,1,-28.09625816345215,0.8016039133071899
22,89,1,-28.09710693359375,0.8014209270477295
22,90,1,-27.985965728759766,0.8011013269424438
22,91,1,-28.163740158081055,0.8006108999252319
22,92,1,-28.01742172241211,0.8007369041442871
22,93,1,-27.746963500976562,0.8007823824882507
22,94,1,-27.706836700439453,0.8010262250900269
22,95,1,-28.082571029663086,0.801432728767395
22,96,1,-27.892749786376953,0.8013531565666199
22,97,1,-27.69049835205078,0.800823450088501
22,98,1,-27.158193588256836,0.7998096346855164
22,99,1,-27.137325286865234,0.8000118136405945
22,100,1,-26.658876419067383,0.8000761270523071
22,101,1,-27.482635498046875,0.8001450300216675
22,102,1,-28.010082244873047,0.8001401424407959
22,103,1,-28.482322692871094,0.8002163767814636
22,104,1,-28.76124382019043,0.8005055785179138
22,105,1,-28.582923889160156,0.8006119132041931
22,106,1,-28.73993682861328,0.8010790348052979
22,107,1,-28.604812622070312,0.8015527725219727
22,108,1,-28.46287727355957,0.801432728767395
22,109,1,-28.128093719482422,0.8015149831771851
22,110,1,-28.268863677978516,0.8023169040679932
22,111,1,-28.34231948852539,0.801964282989502
22,112,1,-28.151870727539062,0.8018180727958679
22,113,1,-28.248884201049805,0.8013109564781189
22,114,1,-27.90113639831543,0.8011481761932373
22,115,1,-27.97847557067871,0.8008959293365479
22,116,1,-28.262752532958984,0.8007267713546753
22,117,1,-27.971805572509766,0.8007581233978271
22,118,1,-27.64021110534668,0.8015908002853394
22,119,1,-28.010074615478516,0.8020181655883789
22,120,1,-28.321510314941406,0.8019952774047852
22,121,1,-28.59787940979004,0.801508903503418
22,122,1,-28.736663818359375,0.8008459806442261
22,123,1,-28.490591049194336,0.7998308539390564
22,124,1,-28.386646270751953,0.7995004653930664
22,125,1,-28.19380760192871,0.7992461919784546
22,126,1,-28.019790649414062,0.799524188041687
22,127,1,-28.181976318359375,0.7998329997062683
22,128,1,-28.37934112548828,0.7998558282852173
22,129,1,-28.359027862548828,0.8000182509422302
22,130,1,-28.442832946777344,0.8013054132461548
22,131,1,-28.301166534423828,0.8019954562187195
22,132,1,-28.37733268737793,0.8020069003105164
22,133,1,-28.34336280822754,0.8017165064811707
22,134,1,-28.188688278198242,0.8007914423942566
22,135,1,-28.325260162353516,0.8004609942436218
22,136,1,-28.23137664794922,0.801003634929657
22,137,1,-28.07406997680664,0.8006099462509155
22,138,1,-27.696657180786133,0.8008542060852051
22,139,1,-27.821144104003906,0.8009213209152222
22,140,1,-28.280038833618164,0.8010722994804382
22,141,1,-28.238563537597656,0.8022454977035522
22,142,1,-28.247230529785156,0.8031319379806519
22,143,1,-28.191268920898438,0.8033990859985352
22,144,1,-27.664098739624023,0.8030776977539062
22,145,1,-27.670907974243164,0.8031014800071716
22,146,1,-27.81000328063965,0.8027572631835938
22,147,1,-27.50830841064453,0.8016864061355591
22,148,1,-27.817380905151367,0.7999517321586609
22,149,1,-27.649253845214844,0.7996686697006226
22,150,1,-27.739891052246094,0.7989289164543152
22,151,1,-27.777549743652344,0.7986246943473816
22,152,1,-27.854568481445312,0.7995209693908691
22,153,1,-28.050247192382812,0.799898624420166
22,154,1,-28.39856719970703,0.8007972240447998
22,155,1,-28.390575408935547,0.8014101386070251
22,156,1,-28.51291847229004,0.8018304705619812
22,157,1,-28.332664489746094,0.8012005090713501
22,158,1,-28.354665756225586,0.8006552457809448
22,159,1,-28.31365394592285,0.8001856803894043
22,160,1,-28.159683227539062,0.8001081347465515
22,161,1,-28.08040428161621,0.8007494807243347
22,162,1,-28.15854263305664,0.8015353679656982
22,163,1,-28.250568389892578,0.8017195463180542
22,164,1,-28.310373306274414,0.8023602366447449
22,165,1,-28.088294982910156,0.8033336997032166
22,166,1,-27.804794311523438,0.8041219711303711
22,167,1,-27.819046020507812,0.8037630915641785
22,168,1,-14.309412002563477,0.8069709539413452
22,169,1,-24.634151458740234,0.8058651685714722
22,170,1,-28.2303409576416,0.8022105693817139
22,171,1,-28.102827072143555,0.8017683029174805
22,172,1,-28.130552291870117,0.8011071085929871
22,173,1,-28.47141456604004,0.8005541563034058
22,174,1,-28.650663375854492,0.7995263934135437
22,175,1,-28.729537963867188,0.7994704246520996
22,176,1,-28.13990592956543,0.8001872897148132
22,177,1,-28.611221313476562,0.8010507822036743
22,178,1,-28.577138900756836,0.801485538482666
22,179,1,-28.72869873046875,0.8017219305038452
22,180,1,-28.696653366088867,0.8017158508300781
22,181,1,-28.778629302978516,0.8016020655632019
22,182,1,-28.717958450317383,0.8014792203903198
22,183,1,-28.037796020507812,0.8019117712974548
22,184,1,-28.02128028869629,0.803400993347168
22,185,1,-28.599971771240234,0.8038055300712585
22,186,1,-28.637353897094727,0.804397463798523
22,187,1,-28.625282287597656,0.8045451641082764
22,188,1,-28.43841552734375,0.8050019145011902
22,189,1,-28.642292022705078,0.8048214316368103
22,190,1,-28.77896499633789,0.8053280711174011
22,191,1,-28.720884323120117,0.8040410280227661
22,192,1,-27.793052673339844,0.8036670088768005
22,193,1,-27.882116317749023,0.8028838634490967
22,194,1,-28.950197219848633,0.8013560175895691
22,195,1,-28.99017333984375,0.8015710115432739
22,196,1,-28.94198226928711,0.8013603091239929
22,197,1,-28.818761825561523,0.8006998300552368
22,198,1,-29.088218688964844,0.8009589910507202
22,199,1,-29.094133377075195,0.8003861904144287
22,200,1,-29.136600494384766,0.8004627227783203
22,201,1,-29.101228713989258,0.8011064529418945
22,202,1,-29.150285720825195,0.8013889193534851
22,203,1,-29.232532501220703,0.8018635511398315
22,204,1,-28.975311279296875,0.8014904856681824
22,205,1,-27.63119888305664,0.8017466068267822
22,206,1,-28.83150291442871,0.8014039397239685
22,207,1,-29.007030487060547,0.8012576103210449
22,208,1,-29.180917739868164,0.8015493750572205
22,209,1,-29.138669967651367,0.8017563223838806
22,210,1,-29.189146041870117,0.8015236854553223
22,211,1,-29.268457412719727,0.8012961745262146
22,212,1,-29.381132125854492,0.8009028434753418
22,213,1,-29.331789016723633,0.7999631762504578
22,214,1,-29.348859786987305,0.8010942339897156
22,215,1,-29.368186950683594,0.8031277060508728
22,216,1,-28.965923309326172,0.8018854856491089
22,217,1,-29.47625732421875,0.7992243766784668
22,218,1,-29.303478240966797,0.7975234985351562
22,219,1,-28.766239166259766,0.7963387966156006
22,220,1,-29.472976684570312,0.7954327464103699
22,221,1,-28.085800170898438,0.7958797216415405
22,222,1,-28.17182159423828,0.7960017919540405
22,223,1,-29.913625717163086,0.7954312562942505
22,224,1,-30.029794692993164,0.7953748106956482
22,225,1,-30.012500762939453,0.7953616380691528
22,226,1,-30.114919662475586,0.7953011989593506
33,8,0,-15.829272270202637,0.8018045425415039
33,9,0,-15.81651496887207,0.8019351363182068
33,10,0,-15.758243560791016,0.8014182448387146
33,11,0,-15.738669395446777,0.8012112975120544
33,12,0,-15.774681091308594,0.801581084728241
33,13,0,-15.827207565307617,0.8031802177429199
33,14,0,-15.788570404052734,0.8038253784179688
33,15,0,-15.747685432434082,0.8032525777816772
33,16,0,-15.776897430419922,0.8022069334983826
33,17,0,-15.803764343261719,0.8020315170288086
33,18,0,-15.776117324829102,0.801740288734436
33,19,1,-15.788774490356445,0.8018169403076172
33,20,1,-15.802303314208984,0.8016754388809204
33,21,1,-15.802926063537598,0.8026003837585449
33,22,1,-15.770541191101074,0.8031067848205566
33,23,1,-15.749592781066895,0.8034881353378296
33,24,1,-15.7147216796875,0.8037959933280945
33,25,1,-15.724597930908203,0.8037925958633423
33,26,1,-15.39218521118164,0.8040746450424194
33,27,1,-15.342018127441406,0.803726851940155
33,28,1,-15.656180381774902,0.8044682741165161
33,29,1,-15.646468162536621,0.8053487539291382
33,30,1,-15.680610656738281,0.8062039613723755
33,31,1,-15.670437812805176,0.8068245649337769
33,32,1,-15.658310890197754,0.80731201171875
33,33,1,-15.651497840881348,0.8074582815170288
33,34,1,-15.648197174072266,0.8075399398803711
33,35,1,-15.639118194580078,0.8074582815170288
33,36,1,-15.629819869995117,0.8072397112846375
33,37,1,-15.653886795043945,0.8063755035400391
33,38,1,-15.659244537353516,0.8057515025138855
33,39,1,-15.646476745605469,0.8044626116752625
33,40,1,-15.664606094360352,0.8026105761528015
33,41,1,-15.690698623657227,0.8024957180023193
33,42,1,-15.727617263793945,0.8024295568466187
33,43,1,-16.013208389282227,0.801796555519104
33,44,1,-16.3869686126709,0.8012561798095703
33,45,1,-16.650808334350586,0.8010895252227783
33,46,1,-18.552743911743164,0.8016748428344727
33,47,1,-18.31590461730957,0.8026091456413269
33,48,1,-18.317636489868164,0.8033124208450317
33,49,1,-18.153675079345703,0.8039321303367615
33,50,1,-17.903606414794922,0.8040735125541687
33,51,1,-18.381811141967773,0.8044261932373047
33,52,1,-17.56098747253418,0.8053162097930908
33,53,1,-16.938121795654297,0.8058092594146729
33,54,1,-16.30600357055664,0.8057600855827332
33,55,1,-15.423360824584961,0.8062520027160645
33,56,1,-15.92103099822998,0.8068856596946716
33,57,1,-17.41072654724121,0.8067006468772888
33,58,1,-18.715755462646484,0.8069634437561035
33,59,1,-18.503986358642578,0.8076469302177429
33,60,1,-18.626863479614258,0.8073603510856628
33,61,1,-18.180274963378906,0.80584716796875
33,62,1,-18.111295700073242,0.8043245077133179
33,63,1,-19.205806732177734,0.8023210763931274
33,64,1,-17.614850997924805,0.8025605082511902
33,65,1,-17.08480453491211,0.8034433126449585
33,66,1,-15.993106842041016,0.8032512068748474
33,67,1,-15.655694007873535,0.8027035593986511
33,68,1,-15.11648941040039,0.8020197749137878
33,69,1,-16.5737361907959,0.8020371198654175
33,70,1,-16.47710418701172,0.8027207851409912
33,71,1,-15.996199607849121,0.8036907911300659
33,72,1,-15.790119171142578,0.8039768934249878
33,73,1,-14.763389587402344,0.8045262694358826
33,74,1,-13.820587158203125,0.8043630123138428
33,75,1,-15.15341854095459,0.8040264844894409
33,76,1,-15.417285919189453,0.8043475151062012
33,77,1,-15.618799209594727,0.8050287961959839
33,78,1,-15.2901029586792,0.8053445816040039
33,79,1,-14.24169635772705,0.8055213689804077
33,80,1,-14.664711952209473,0.8054953813552856
33,81,1,-15.047224998474121,0.8057531714439392
33,82,1,-15.524898529052734,0.8060306310653687
33,83,1,-15.23465633392334,0.8082355856895447
33,84,1,-14.93497085571289,0.8084785342216492
33,85,1,-14.911309242248535,0.8069198131561279
33,86,1,-15.336480140686035,0.8054410815238953
33,87,1,-15.42044448852539,0.8043505549430847
33,88,1,-15.254191398620605,0.8031409978866577
33,89,1,-15.061055183410645,0.8035707473754883
33,90,1,-14.961248397827148,0.8041090965270996
33,91,1,-15.284842491149902,0.8036360740661621
33,92,1,-15.442508697509766,0.8029808402061462
33,93,1,-15.48413372039795,0.8030189871788025
33,94,1,-15.445595741271973,0.8028907179832458
33,95,1,-15.39028263092041,0.8027172088623047
33,96,1,-17.078712463378906,0.803120493888855
33,97,1,-17.103120803833008,0.8035904169082642
33,98,1,-16.41965675354004,0.8035899996757507
33,99,1,-16.51519012451172,0.803321123123169
33,100,1,-15.350136756896973,0.8034405708312988
33,101,1,-15.119257926940918,0.8034591674804688
33,102,1,-16.292877197265625,0.8033596873283386
33,103,1,-16.2711238861084,0.8029080629348755
33,104,1,-16.05946922302246,0.8029186129570007
33,105,1,-15.694184303283691,0.8027567863464355
33,106,1,-15.445232391357422,0.802886962890625
33,107,1,-15.801546096801758,0.8034746050834656
33,108,1,-16.037010192871094,0.8043028116226196
33,109,1,-15.98049259185791,0.8046120405197144
33,110,1,-15.797225952148438,0.8049306869506836
33,111,1,-15.55771255493164,0.8030780553817749
33,112,1,-15.653392791748047,0.8028682470321655
33,113,1,-15.927976608276367,0.8029172420501709
33,114,1,-15.960325241088867,0.8035053610801697
33,115,1,-15.961526870727539,0.8027853965759277
33,116,1,-15.806787490844727,0.8027865290641785
33,117,1,-15.896194458007812,0.8026220202445984
33,118,1,-16.305931091308594,0.8021184802055359
33,119,1,-16.57646369934082,0.801956832408905
33,120,1,-16.406450271606445,0.8019320368766785
33,121,1,-16.271020889282227,0.8016559481620789
33,122,1,-16.33806610107422,0.8020626902580261
33,123,1,-16.716106414794922,0.8026201128959656
33,124,1,-16.606412887573242,0.8029935359954834
33,125,1,-16.42241668701172,0.803459107875824
33,126,1,-16.25690269470215,0.8033934831619263
33,127,1,-16.15952491760254,0.8028697967529297
33,128,1,-16.283523559570312,0.8028193712234497
33,129,1,-16.52843475341797,0.8028692007064819
33,130,1,-16.523178100585938,0.8028380870819092
33,131,1,-16.543174743652344,0.8029727935791016
33,132,1,-16.446168899536133,0.8041855096817017
33,133,1,-16.499155044555664,0.805682361125946
33,134,1,-16.757789611816406,0.8056578040122986
33,135,1,-16.810653686523438,0.8064841032028198
33,136,1,-16.714563369750977,0.8057739734649658
33,137,1,-17.078311920166016,0.80366051197052
33,138,1,-16.881378173828125,0.8029398918151855
33,139,1,-16.91094207763672,0.8020183444023132
33,140,1,-19.681589126586914,0.8027132749557495
33,141,1,-19.137893676757812,0.8028565645217896
33,142,1,-19.50914764404297,0.8022696375846863
33,143,1,-18.752954483032227,0.8018032908439636
33,144,1,-16.7532901763916,0.8008383512496948
33,145,1,-19.715578079223633,0.8008465766906738
33,146,1,-19.58427619934082,0.801353394985199
33,147,1,-19.123645782470703,0.8015836477279663
33,148,1,-19.212017059326172,0.8019501566886902
33,149,1,-18.071550369262695,0.8024312853813171
33,150,1,-19.953821182250977,0.8024651408195496
33,151,1,-18.977325439453125,0.8022872805595398
33,152,1,-18.384044647216797,0.8021160960197449
33,153,1,-17.77535057067871,0.8021625876426697
33,154,1,-16.40894889831543,0.8021249771118164
33,155,1,-18.260480880737305,0.8029392957687378
33,156,1,-19.16254425048828,0.804825484752655
33,157,1,-18.347558975219727,0.8049187660217285
33,158,1,-18.47414207458496,0.8052859306335449
33,159,1,-17.4671630859375,0.8060492873191833
33,160,1,-17.76516342163086,0.8060623407363892
33,161,1,-18.862112045288086,0.80577152967453
33,162,1,-18.613487243652344,0.8064894080162048
33,163,1,-18.365501403808594,0.8059844970703125
33,164,1,-17.950218200683594,0.8048102855682373
33,165,1,-8.211697578430176,0.8079047203063965
33,166,1,-18.686445236206055,0.8029154539108276
33,167,1,-19.139196395874023,0.8033608198165894
33,168,1,-19.023439407348633,0.802570104598999
33,169,1,-19.317237854003906,0.8011109828948975
33,170,1,-20.147815704345703,0.8004791736602783
33,171,1,-19.58066177368164,0.8004392981529236
33,172,1,-19.819608688354492,0.8006837368011475
33,173,1,-19.462265014648438,0.8009475469589233
33,174,1,-19.699413299560547,0.8007349371910095
33,175,1,-19.562536239624023,0.8004225492477417
33,176,1,-20.214670181274414,0.8000454902648926
33,177,1,-20.738834381103516,0.8009504675865173
33,178,1,-20.474824905395508,0.8019163012504578
33,179,1,-20.5733699798584,0.8027264475822449
33,180,1,-20.31452178955078,0.8051496744155884
33,181,1,-20.2993106842041,0.8045486807823181
33,182,1,-20.64398956298828,0.8045600652694702
33,183,1,-20.587942123413086,0.8052579760551453
33,184,1,-20.05049705505371,0.8058463931083679
33,185,1,-20.604124069213867,0.8059219121932983
33,186,1,-20.214191436767578,0.805387020111084
33,187,1,-19.74370765686035,0.8046656847000122
33,188,1,-19.597789764404297,0.8045251369476318
33,189,1,-19.705242156982422,0.8044585585594177
33,190,1,-19.743911743164062,0.8033469915390015
33,191,1,-19.34228515625,0.8039312362670898
33,192,1,-19.123647689819336,0.8041343688964844
33,193,1,-19.193288803100586,0.803886890411377
33,194,1,-19.58013343811035,0.8026330471038818
33,195,1,-19.574750900268555,0.8020467758178711
33,196,1,-20.173439025878906,0.8011174201965332
33,197,1,-20.27252197265625,0.801027774810791
33,198,1,-20.186464309692383,0.8009147644042969
33,199,1,-20.426475524902344,0.8008359670639038
33,200,1,-19.843236923217773,0.8013752698898315
33,201,1,-19.675853729248047,0.8018953800201416
33,202,1,-22.27756690979004,0.8029245138168335
33,203,1,-20.990615844726562,0.8036028146743774
33,204,1,-21.675355911254883,0.8041656017303467
33,205,1,-19.17799186706543,0.8047875165939331
33,206,1,-16.74552345275879,0.8045215010643005
33,207,1,-21.30764389038086,0.804015040397644
33,208,1,-20.175029754638672,0.8025904893875122
33,209,1,-21.389694213867188,0.8016700148582458
33,210,1,-24.995075225830078,0.8008871078491211
33,211,1,-22.093017578125,0.8002136945724487
33,212,1,-23.921329498291016,0.7996501326560974
33,213,1,-20.63201141357422,0.7986775636672974
33,214,1,-20.278884887695312,0.7977187037467957
33,215,1,-26.440879821777344,0.7966234087944031
33,216,1,-25.655433654785156,0.7958881258964539
33,217,1,-23.25687599182129,0.7957494258880615
33,218,1,-22.10707664489746,0.7951312065124512
33,219,1,-22.153263092041016,0.7952545881271362
33,220,1,-24.838481903076172,0.79534912109375
33,221,1,-26.648090362548828,0.7954525351524353
