epoch,train_ce,train_dense_l2,normal_calibration_ce,normal_calibration_circular_mae,clips,updates
1,5.303825971177945,0.00016884135336744507,5.283298670397385,0.23035197403597432,1596,200
2,5.2417371553884715,0.0018346286217735968,5.20701727768428,0.14199462304911192,1596,400
3,4.990816885964913,0.025344356926149902,4.905226565270961,0.12370949162272765,1596,600
4,4.632009711779449,0.035463498248823715,4.5546131430128725,0.10893303801932024,1596,800
5,4.310845473057644,0.048748891895174756,4.262499418480739,0.08576456302026053,1596,1000
6,4.073357221177945,0.0530477897800916,4.086461365377147,0.07217501023547139,1596,1200
7,3.894888588659148,0.0602561165753724,3.945127687663958,0.05983921591590516,1596,1400
8,3.788842222744361,0.0626379524014498,3.8556126499546144,0.05166914895794218,1596,1600
9,3.709978070175439,0.06156461979297543,3.7991273592853916,0.0474269040341588,1596,1800
10,3.602517034774436,0.0631387216729908,3.7691598439740948,0.048827490775868204,1596,2000
11,3.583049420426065,0.06022850543909466,3.7055987851431578,0.04357085933288166,1596,2200
12,3.5348038063909772,0.05922890519419858,3.7262935323826247,0.048057081943310535,1596,2400
13,3.507983826754386,0.05704043516165631,3.6493070905143816,0.040896313322670776,1596,2600
14,3.4525669642857144,0.05729259899992468,3.633258503050884,0.04078641755240025,1596,2800
15,3.4033521303258145,0.05969427724282507,3.641808800370388,0.0395143802151285,1596,3000
16,3.378465695488722,0.06093206348476516,3.6016172919359737,0.03845794409540291,1596,3200
17,3.3645882283834587,0.058567222278975976,3.6189723888467538,0.04042557324540949,1596,3400
18,3.3169006500626566,0.05888007392752029,3.578752455011222,0.03543124742568295,1596,3600
19,3.2897869674185465,0.058752246673702074,3.574548810527673,0.03619436335778606,1596,3800
20,3.246965068922306,0.0602103815505043,3.5836555608494005,0.03341684903676397,1596,4000
