backbone,mode,device,variant,seeds,test_videos,frames,anomaly_frames,auroc_mean,auroc_ci_low,auroc_ci_high,ap_mean,ap_ci_low,ap_ci_high,bootstrap_draws,bootstrap_rejected
dinov3-l,offline,R01,P0,3,15,3295,1227,0.78505264106497,0.6630628336460898,0.8896219729023784,0.5729735894241483,0.35110117198321417,0.8172447114906132,1000,0
dinov3-l,offline,R01,P1,3,15,3295,1227,0.4521226676587442,0.36089235762175265,0.5242025358228216,0.3231508422455032,0.16929755094114496,0.4829394996485223,1000,0
dinov3-l,offline,R01,P2,3,15,3295,1227,0.4547146542152524,0.3605928697554156,0.5260956344179091,0.32178438223961625,0.16974497045006082,0.4799513690495295,1000,0
dinov3-l,offline,R01,P3,3,15,3295,1227,0.47012246482932635,0.40291313834673176,0.52833663826405,0.33210396074154036,0.18067959706333225,0.49840661747180554,1000,0
dinov3-l,offline,R02,P0,3,15,9210,2949,0.7332344491576593,0.5527226239376678,0.8848202778489269,0.6209205304919905,0.35743602030101884,0.8233487283325993,1000,0
dinov3-l,offline,R02,P1,3,15,9210,2949,0.7220133979365301,0.5664354599267517,0.8666731285986068,0.5904110517400171,0.33106251452623026,0.8060852543775567,1000,0
dinov3-l,offline,R02,P2,3,15,9210,2949,0.7197507316477584,0.5703944435051601,0.8575248078388038,0.6067813751645156,0.3650968557755227,0.8040555399529428,1000,0
dinov3-l,offline,R02,P3,3,15,9210,2949,0.7983625410212806,0.6819053857755345,0.8967018015702853,0.6510536109668373,0.4381244508528408,0.8145594265057869,1000,0
dinov3-l,offline,R03,P0,3,17,11563,4922,0.5454037153157495,0.4845280659021291,0.6007862866326442,0.4731606423099454,0.3120928137528684,0.648028453611797,1000,0
dinov3-l,offline,R03,P1,3,17,11563,4922,0.6047491140362153,0.5255451937319324,0.694207070285612,0.5241877905966624,0.3698882076032276,0.6789742765940119,1000,0
dinov3-l,offline,R03,P2,3,17,11563,4922,0.6248151737297086,0.5507396565340827,0.7045493169266053,0.5375791190605171,0.3828255762055756,0.6923386577980389,1000,0
dinov3-l,offline,R03,P3,3,17,11563,4922,0.6067500674019192,0.5426592727935429,0.6827706389619667,0.5182195294119425,0.36934737615244584,0.6724310293472898,1000,0
dinov3-l,offline,R04,P0,3,19,7660,4501,0.6753180919991588,0.60385581655033,0.7490150495739072,0.7309121502836945,0.5920616118528402,0.8379594499821073,1000,0
dinov3-l,offline,R04,P1,3,19,7660,4501,0.7272105501182168,0.6651514378866402,0.7971973824763906,0.730201584247124,0.5985294792036809,0.8511408301701828,1000,0
dinov3-l,offline,R04,P2,3,19,7660,4501,0.7324855904718816,0.670360598059261,0.8034466114364589,0.7332155261633044,0.6016225431866336,0.8525964733687241,1000,0
dinov3-l,offline,R04,P3,3,19,7660,4501,0.6908329634555083,0.6358713466213006,0.7611113030305999,0.7025561680599308,0.5647860069806275,0.8314526969734178,1000,0
dinov3-l,online,R01,P0,3,15,3295,1227,0.789979727567513,0.668529505825666,0.8963602694800339,0.580157025181411,0.37173522079137566,0.829926023569142,1000,0
dinov3-l,online,R01,P1,3,15,3295,1227,0.5479262005688682,0.516022811523592,0.5836509666971771,0.3693662867378705,0.20447340640686748,0.5568441070773305,1000,0
dinov3-l,online,R01,P2,3,15,3295,1227,0.5471984974859135,0.5165264235417668,0.582626549772534,0.36817656745065347,0.20472008875548595,0.5554186177635285,1000,0
dinov3-l,online,R01,P3,3,15,3295,1227,0.5369204714260117,0.5052951340501178,0.5720505118831921,0.36920380373195694,0.20204832646983922,0.5565032694294225,1000,0
dinov3-l,online,R02,P0,3,15,9210,2949,0.7199199286050945,0.538564883525238,0.8747165880103658,0.6053252250702627,0.34224342570214483,0.8116800573975888,1000,0
dinov3-l,online,R02,P1,3,15,9210,2949,0.724356365982262,0.5802755506891705,0.8589868204092104,0.5869561162422482,0.3405315477620901,0.7867830826230825,1000,0
dinov3-l,online,R02,P2,3,15,9210,2949,0.727173769734387,0.5868083524048465,0.860658382133282,0.6046562353864661,0.35956974104532186,0.7962239927803011,1000,0
dinov3-l,online,R02,P3,3,15,9210,2949,0.7989187317875642,0.6788298466662669,0.8965807079841277,0.6373468462349856,0.4303554709505457,0.8056955598753969,1000,0
vjepa21-l,offline,R01,P0,3,15,3295,1227,0.32902452186643,0.20118043241147063,0.46073847662175693,0.28384095337400006,0.14022540088062976,0.47477226259966226,1000,0
vjepa21-l,offline,R01,P1,3,15,3295,1227,0.24973713622727822,0.1487453475251696,0.3719754013063335,0.25297942393829465,0.12890672099813957,0.41738632106975787,1000,0
vjepa21-l,offline,R01,P2,3,15,3295,1227,0.30434238866845637,0.20449902821435312,0.42228661109859855,0.2685569143180844,0.13666692892153165,0.4361339054026612,1000,0
vjepa21-l,offline,R01,P3,3,15,3295,1227,0.3757548958870293,0.2994135716446029,0.46101928531214653,0.28834563619128556,0.14954736075947822,0.4579517638710249,1000,0
vjepa21-l,offline,R02,P0,3,15,9210,2949,0.5818537490891807,0.4229418793558911,0.7204789035609351,0.36983032842853825,0.2209836380773994,0.5643306887748696,1000,0
vjepa21-l,offline,R02,P1,3,15,9210,2949,0.5718297681465497,0.4326310608774567,0.6948082368971121,0.3665399949627883,0.22703888738760397,0.550573071744323,1000,0
vjepa21-l,offline,R02,P2,3,15,9210,2949,0.5970518766139673,0.458399148230311,0.7138544173704913,0.3879421804583188,0.2431917211713863,0.5642876084858223,1000,0
vjepa21-l,offline,R02,P3,3,15,9210,2949,0.6310357769421557,0.5147135078234786,0.7255752015622257,0.42550836501103184,0.285590306217752,0.5803292917162794,1000,0
vjepa21-l,offline,R03,P0,3,17,11563,4922,0.45673982275890584,0.3460856174252692,0.5533183918219546,0.3798038766105871,0.2216045866179829,0.5841747669734534,1000,0
vjepa21-l,offline,R03,P1,3,17,11563,4922,0.5038129019398393,0.35913582183329557,0.6251828441152278,0.41566858560141196,0.25788091075461217,0.6324623859046896,1000,0
vjepa21-l,offline,R03,P2,3,17,11563,4922,0.5048548298596897,0.3757216306369957,0.6208568824661516,0.4274100793590794,0.2690613526753174,0.638314762502018,1000,0
vjepa21-l,offline,R03,P3,3,17,11563,4922,0.504483535484023,0.3878821893489241,0.6065547845185711,0.4353154227089402,0.27677894160892136,0.6229045928049188,1000,0
vjepa21-l,offline,R04,P0,3,19,7660,4501,0.6587061409940277,0.5792974925076252,0.7321197361366996,0.7287811016448846,0.6024112360370485,0.8291452396258487,1000,0
vjepa21-l,offline,R04,P1,3,19,7660,4501,0.7347225688911075,0.6886771036468156,0.7908457870729392,0.7670619742061149,0.6554932643818565,0.864635206313869,1000,0
vjepa21-l,offline,R04,P2,3,19,7660,4501,0.7291948206930062,0.6826135870494693,0.7790157164454433,0.7648624768742881,0.6570814528704849,0.8539326465253348,1000,0
vjepa21-l,offline,R04,P3,3,19,7660,4501,0.7124064231373719,0.6775810533082287,0.7619490428230202,0.7365620205802434,0.617861947843199,0.8475233151315565,1000,0
vjepa21-l,online,R01,P0,3,15,3295,1227,0.30373094467538625,0.1554135082172286,0.4608830202262182,0.295261056823632,0.13549242283259383,0.5061205893160069,1000,0
vjepa21-l,online,R01,P1,3,15,3295,1227,0.33830843418316764,0.19238392297878723,0.5011464014135547,0.28422540981378003,0.14023900136606962,0.4798972488173876,1000,0
vjepa21-l,online,R01,P2,3,15,3295,1227,0.32442263240005526,0.18186279927392163,0.48293924340635525,0.2784246281316048,0.13845596074006283,0.4721197529377726,1000,0
vjepa21-l,online,R01,P3,3,15,3295,1227,0.3460254104274288,0.2138948152516175,0.4658600646806782,0.2972271867994892,0.1453634574920976,0.4865219880270446,1000,0
vjepa21-l,online,R02,P0,3,15,9210,2949,0.6516640580330398,0.5009092864712923,0.7829122349289119,0.42816830252426663,0.2647093247533787,0.6039929496763574,1000,0
vjepa21-l,online,R02,P1,3,15,9210,2949,0.6561673022113836,0.5389035283113536,0.7595783585190061,0.41895727283283213,0.2699998483898414,0.5961619939533764,1000,0
vjepa21-l,online,R02,P2,3,15,9210,2949,0.6704853148974363,0.5851933010458938,0.7454273262265386,0.4491048167662628,0.299995343377751,0.6035110328233568,1000,0
vjepa21-l,online,R02,P3,3,15,9210,2949,0.6717438030215233,0.5929324257633515,0.7419888502749564,0.4564253889666505,0.32126227196501334,0.5992619340177697,1000,0
vjepa21-l,online,R03,P0,3,17,11563,4922,0.46401915354610984,0.35761724300985864,0.5525480949619528,0.3835822749857041,0.22560486640530358,0.5856510786789721,1000,0
vjepa21-l,online,R03,P1,3,17,11563,4922,0.48900101534752766,0.34350753031479253,0.6126300625530112,0.41510167104083545,0.25663909496227605,0.6288177926238161,1000,0
vjepa21-l,online,R03,P2,3,17,11563,4922,0.5084386652121435,0.35986012427730174,0.6362254742533527,0.43459675652903423,0.2790172784457176,0.6445936332309151,1000,0
vjepa21-l,online,R03,P3,3,17,11563,4922,0.507991188668817,0.37674513451446484,0.620005907031329,0.4428509584299376,0.28943961395385387,0.6339068992474883,1000,0
