backbone,mode,device,seed,fit_clips,calibration_clips,selected_epoch,selected_normal_calibration_ce,selected_normal_calibration_circular_mae,last_normal_calibration_circular_mae
dinov3-l,offline,R01,0,1248,1087,1,5.29713334659973,0.24205178202946342,0.12318975477208394
dinov3-l,offline,R01,1,1248,1087,1,5.296804138576644,0.2233633890495715,0.128311937558849
dinov3-l,offline,R01,2,1248,1087,1,5.298866138616174,0.23960701375428456,0.11405008073252092
dinov3-l,offline,R02,0,3042,2864,20,3.599064065091437,0.028436603836895474,0.028436603836895474
dinov3-l,offline,R02,1,3042,2864,20,3.578513800764883,0.027770484525765443,0.027770484525765443
dinov3-l,offline,R02,2,3042,2864,20,3.568081893068452,0.027093957390187176,0.027093957390187176
vjepa21-l,offline,R01,0,1248,1087,1,5.344171350333487,0.2351932898341693,0.1543049293813281
vjepa21-l,offline,R01,1,1248,1087,1,5.3431950685839755,0.23875529105300725,0.15092914287862128
vjepa21-l,offline,R01,2,1248,1087,1,5.348844217618014,0.22926539634254756,0.13699276530493107
vjepa21-l,offline,R02,0,3042,2864,20,3.5186456275385853,0.024223034527317985,0.024223034527317985
vjepa21-l,offline,R02,1,3042,2864,20,3.5120665907193827,0.023426248962066052,0.023426248962066052
vjepa21-l,offline,R02,2,3042,2864,20,3.538272740454647,0.025432444243826534,0.025432444243826534
vjepa21-l,offline,R03,0,2564,2771,20,4.094786518362617,0.07501456089726016,0.07501456089726016
vjepa21-l,offline,R03,1,2564,2771,20,4.096034335986839,0.07603250824321181,0.07603250824321181
vjepa21-l,offline,R03,2,2564,2771,20,4.0579153148330365,0.07140739001209671,0.07140739001209671
