arrival_frame,arrival_seconds,target_frame,service_start_seconds,queue_wait_ms,lookahead_wait_ms,decode_resize_ms,encoder_ms,phase_head_ms,feature_cast_ms,projection_search_ms,score_alarm_ms,service_ms,emitted_seconds,target_latency_ms,phase,feature_raw,time_raw,score,inference_valid,alarm,label,shared_metric_valid
0,0.0,,2.1972000013192883e-05,0.021972000013192883,0,2.178287000333512,0.10811599986482179,0.0,0.0,0.0,0.0,2.288476000103401,0.002310448000116594,,,,,,0,0,,0
1,0.03333333333333333,,0.03339784000036161,0.06450666702827873,0,2.3739980001664662,0.09953900007531047,0.0,0.0,0.0,0.0,2.476702999956615,0.035874543000318226,,,,,,0,0,,0
2,0.06666666666666667,,0.06673104600031365,0.06437933364698833,0,2.401310000095691,0.10339699974792893,0.0,0.0,0.0,0.0,2.5074119998862443,0.0692384580001999,,,,,,0,0,,0
3,0.1,,0.1000663570002871,0.0663570002870928,0,2.2356750000653847,0.1019040000755922,0.0,0.0,0.0,0.0,2.340323999760585,0.10240668100004768,,,,,,0,0,,0
4,0.13333333333333333,,0.1333954960000483,0.06216266671496551,0,2.5596400000722497,0.12565899987748708,0.0,0.0,0.0,0.0,2.688585000214516,0.1360840810002628,,,,,,0,0,,0
5,0.16666666666666666,,0.1667322299999796,0.06556333331295128,0,2.322921000086353,0.11480800003482727,0.0,0.0,0.0,0.0,2.44046400030129,0.1691726940002809,,,,,,0,0,,0
6,0.2,,0.2000676200000271,0.06762000002707991,0,2.3593400001118425,0.14296200015451177,0.0,0.0,0.0,0.0,2.506459999949584,0.20257407999997668,,,,,,0,0,,0
7,0.23333333333333334,,0.23339828200005286,0.06494866671952204,0,2.3047770000630408,0.11249299996052287,0.0,0.0,0.0,0.0,2.4205270001402823,0.23581880900019314,,,,,,0,0,,0
8,0.26666666666666666,,0.2667329420000897,0.06627533342301595,0,3.655892000097083,0.14100800035521388,0.0,0.0,0.0,0.0,3.800797000167222,0.2705337390002569,,,,,,0,0,,0
9,0.3,,0.3000704070000211,0.0704070000210888,0,3.1552020000162884,0.10593099977995735,0.0,0.0,0.0,0.0,3.2647289999658824,0.30333513599998696,,,,,,0,0,,0
10,0.3333333333333333,,0.3334022420003748,0.06890866704151177,0,3.1436200001735415,0.11310399986541597,0.0,0.0,0.0,0.0,3.260951999891404,0.33666319400026623,,,,,,0,0,,0
11,0.36666666666666664,,0.3667386250003801,0.07195833371348437,0,3.1248139998751867,0.10147200009669177,0.0,0.0,0.0,0.0,3.229812999961723,0.36996843800034185,,,,,,0,0,,0
12,0.4,,0.40006380700015143,0.06380700015140572,0,2.9376790002970665,0.10992900024575647,0.0,0.0,0.0,0.0,3.050623000035557,0.403114430000187,,,,,,0,0,,0
13,0.43333333333333335,,0.43339665400026206,0.0633206669287123,0,2.8606719997696928,0.10465900004419382,0.0,0.0,0.0,0.0,2.9681159999199735,0.43636477000018203,,,,,,0,0,,0
14,0.4666666666666667,,0.4667288400000871,0.0621733334204011,0,2.6732459996310354,0.0939890001063759,0.0,0.0,0.0,0.0,2.7696189999915077,0.4694984590000786,,,,,,0,0,,0
15,0.5,15,0.5000626080000075,0.06260800000745803,0,2.7973019996352377,60.08818300006169,0.4614069998751802,0.1172529996438243,0.9211890001097345,0.03758200000447687,64.43248300001869,0.5644950910000262,64.49509100002615,0.8231665669530395,0.47921323776245117,nan,nan,0,0,0,0
16,0.5333333333333333,16,0.5645005420001326,31.16720866679923,0,2.10746199991263,55.54706000020815,0.38833799999338225,0.07262799999807612,1.0774060001494945,0.0376819998564315,59.23907099986536,0.6237396129999979,90.40627966666459,0.8229921746808854,0.48051467537879944,nan,nan,0,0,0,0
17,0.5666666666666667,17,0.6237452130003476,57.078546333680926,0,1.8817840000338037,58.45211699988795,0.41767299990169704,0.09307700020144694,0.8402150001529662,0.04162899995208136,61.735300999771425,0.685480514000119,118.81384733345234,0.8225714720728079,0.48464691638946533,nan,nan,0,0,0,0
18,0.6,18,0.6854877180003314,85.4877180003314,0,2.008024000133446,59.3044249999366,0.48790700020617805,0.16664600025251275,0.9247359998880711,0.03751099984583561,62.94055999978809,0.7484282780001195,148.4282780001195,0.8224909097003976,0.5012654066085815,nan,nan,0,0,0,0
19,0.6333333333333333,19,0.7484337490000144,115.10041566668106,0,1.8848390000130166,59.32109700006549,0.48156499997276114,0.44819100003223866,0.9185149997392728,0.06706700014547096,63.131923000128154,0.8115656720001425,178.2323386668092,0.822117246886292,0.5249147415161133,0.01151054478800146,0.6908907244189664,1,0,0,1
20,0.6666666666666666,20,0.8115712720000374,144.9046053333708,0,2.0303759997659654,59.04936100023406,0.5275120001897449,0.2200779999839142,0.9629790001781657,0.06734799990226747,62.86713100007546,0.8744384030001129,207.77173633344626,0.8221149630491325,0.5521291494369507,0.011250498608474081,0.7198253658815297,1,0,0,1
21,0.7,21,0.8744448450001983,174.4448450001983,0,2.03914200028521,59.78879499980394,0.4097179999007494,0.09110300015890971,0.8526890001121501,0.05927300026087323,63.249396000173874,0.9376942410003721,237.6942410003722,0.8218237604059564,0.5549728870391846,0.01132239834371191,0.7628441625380908,1,0,0,1
22,0.7333333333333333,22,0.93769895000014,204.36561666680674,0,2.0157880003353057,58.58214299996689,0.5692210002052889,0.09015100022224942,0.8478599997943093,0.060385000324458815,62.1737840001515,0.9998727340002915,266.5394006669583,0.8219782431547175,0.5524953603744507,0.01098098767823797,0.6128270354010386,1,0,0,1
23,0.7666666666666667,23,0.9998780040000383,233.21133733337163,0,1.868167999873549,61.586657999669114,0.47598399987691664,0.22361399987858022,0.9154289996331499,0.06257900031414465,65.14245100015614,1.0650204550001945,298.35378833352775,0.8213683145651768,0.5406432151794434,0.011462749631358606,0.7489912362926037,1,0,0,1
24,0.8,24,1.0650261560003855,265.02615600038547,0,1.9130230002701865,60.074947999964934,0.46656599988637026,0.2851720000762725,0.9011209999698622,0.06150700028229039,63.712805999784905,1.1287389620001704,328.7389620001704,0.8210694281645641,0.5374496579170227,0.011574402951692521,0.7783506204659316,1,0,0,1
25,0.8333333333333334,25,1.1287449740002558,295.4116406669224,0,1.8897179998020874,60.224402000130794,0.41035899994312786,0.15961300005074008,0.8488419998684549,0.060726000356225995,63.60214599999381,1.1923471200002496,359.0137866669162,0.820606874442715,0.5584591627120972,0.01177557295239954,0.9629436471737383,1,0,0,1
26,0.8666666666666667,26,1.1923523100003877,325.685643333721,0,1.9971720003013615,58.18837600008919,0.3889790000357607,0.08108399970296887,0.8284030000140774,0.05915199972150731,61.552323999876535,1.2539046340002642,387.2379673335975,0.8201465986545353,0.5514847040176392,0.011931627249768824,0.9916227996376306,1,0,0,1
27,0.9,27,1.2539094230000956,353.90942300009556,0,1.8711930001700239,57.49098200021763,0.386493999940285,0.08521100016878336,0.8034759998736263,0.05923200023971731,60.704845000145724,1.3146142680002413,414.6142680002413,0.8193438416973686,0.5122328400611877,0.012276473081889984,0.9376886084881995,1,0,0,1
28,0.9333333333333333,28,1.3146193770003265,381.2860436669931,0,1.8602620002639014,56.735308000043005,0.37728600000264123,0.23084799977368675,0.8093970000118134,0.06051499985915143,60.08125199969072,1.3747006290000172,441.36729566668384,0.8193308220417781,0.5136340260505676,0.011783374520528474,0.7455217681132746,1,0,0,1
29,0.9666666666666667,29,1.3747056490001341,408.03898233346746,0,1.877143999990949,57.26765899999009,0.3741499999705411,0.07111500008250005,0.8273210000879772,0.061317000017879764,60.486640999897645,1.4351922900000318,468.5256233333651,0.8185742660287512,0.4933127760887146,0.012105279002858911,0.7754782509949694,1,0,0,1
30,1.0,30,1.43519748000017,435.1974800001699,0,1.8883660000028613,60.02783000030831,0.5278019998513628,0.16613600018899888,1.1282230002507276,0.061004999679425964,63.80930100021942,1.4990067810003893,499.0067810003893,0.8179898948185963,0.5005995035171509,0.012181498109522827,0.8421034068954378,1,0,0,1
31,1.0333333333333334,31,1.4990118410000832,465.6785076667498,0,1.8956290000460285,60.71299099994576,0.47664499970778706,0.17234699998880387,0.9079849996851408,0.06105599959482788,64.23688299992136,1.5632487240000046,529.9153906666711,0.8176954161486094,0.5122349262237549,0.011936800820524958,0.8005747139623791,1,0,0,1
32,1.0666666666666667,32,1.5632541840000158,496.5875173333492,0,2.40951599971595,58.95357999997941,0.3810640000665444,0.07720700023128302,0.8159799999702955,0.05892199988011271,62.70424300009836,1.6259584270001142,559.2917603334475,0.816483671642034,0.4933828115463257,0.012736438939910617,1.0306192948425454,1,0,0,1
33,1.1,33,1.6259637269999985,525.9637269999984,0,2.0981039997423068,57.59322700032499,0.38642399977106834,0.07897000023149303,0.8331519998137082,0.06043499979568878,61.05872800026191,1.6870224550002604,587.0224550002603,0.816577713498827,0.48767220973968506,0.01193060948318151,0.6772093827548062,1,0,0,1
34,1.1333333333333333,34,1.6870272240003032,553.69389066697,0,2.1057690000816365,59.83608599990475,0.5091560001346807,0.18614300006447593,0.9467370000493247,0.06244899986995733,63.65758299989466,1.750684807000198,617.3514736668646,0.8159534211851747,0.501932680606842,0.012055763664352827,0.7979051515090909,1,0,0,1
35,1.1666666666666667,35,1.750690608000241,584.0239413335742,0,2.1445120000862516,60.43377099967984,0.6254979998630006,0.20275500037314487,1.3263289997667016,0.09033099968291936,64.83617100002448,1.8155267790002654,648.8601123335986,0.8149482828028334,0.49212580919265747,0.012551783638338705,0.9498894429037853,1,0,0,1
36,1.2,36,1.8155340630000865,615.5340630000865,0,1.9319590001032338,61.262856000212196,0.46447199974863906,0.1478909998695599,0.9446240001125261,0.10458900032972451,64.86608800014437,1.8804001510002308,680.4001510002308,0.814839394248009,0.48941200971603394,0.01197388885671908,0.7032421155340889,1,0,0,1
37,1.2333333333333334,37,1.8804064130004008,647.0730796670674,0,2.1109379999870725,58.89343600028951,0.4729580000457645,0.18744600038189674,0.9217510000780749,0.06217800000740681,62.65867599995545,1.9430650890003562,709.7317556670229,0.8146966079068371,0.48232513666152954,0.011705605849384772,0.5600650538790122,1,0,0,1
38,1.2666666666666666,38,1.943070669000008,676.4040023333413,0,2.119504999882338,58.38864699990154,0.551437000012811,0.22978600009082584,0.9724870001264208,0.06626599997616722,62.34103300039351,2.0054117020004014,738.7450353337348,0.8142010571064345,0.47990602254867554,0.011730880251789817,0.558364465835469,1,0,0,1
39,1.3,39,2.0054178540003704,705.4178540003704,0,2.1139850000508886,57.59455900033572,0.6456959999923129,0.21248299981380114,1.2759229998664523,0.07104499991328339,61.92484199982573,2.067342696000196,767.3426960001962,0.8135301003124414,0.5029091835021973,0.011963746026097878,0.7655631300130304,1,0,0,1
40,1.3333333333333333,40,2.0673486580003555,734.0153246670222,0,2.3175309997895965,57.812162000118406,0.4812540000784793,0.1572780001879437,0.9156690002782852,0.062397999954555416,61.75719399971058,2.129105852000066,795.7725186667328,0.8127039927562334,0.5128401517868042,0.012435307959707938,1.0047979349804812,1,0,0,1
41,1.3666666666666667,41,2.1291119030001937,762.445236333527,0,2.30887400039137,57.37393100025656,0.46573500003432855,0.14443400004893192,0.9013520002554287,0.05882099958398612,61.263347000021895,2.1903752500002156,823.7085833335489,0.8129339105142961,0.49327507615089417,0.011671539828701345,0.6001941923175975,1,0,0,1
42,1.4,42,2.1903805199999624,790.3805199999625,0,2.1521270000448567,57.805370000096445,0.39542100012113224,0.07880999964982038,0.8269099998869933,0.05927199981670128,61.32653700024093,2.2517070570002033,851.7070570002035,0.8128585281246773,0.4885801672935486,0.011306247870184895,0.4296252081387702,1,0,0,1
43,1.4333333333333333,43,2.2517122560002463,818.3789226669129,0,2.1063290000711277,57.641008000246075,0.3700530000969593,0.07768700015731156,0.813816000118095,0.059112000144523336,61.07711399999971,2.312789370000246,879.4560366669126,0.8129820962309975,0.4892113506793976,0.010847047518425391,0.2473539653515618,1,0,0,1
44,1.4666666666666666,44,2.312794468999982,846.1278023333157,0,2.0085549999748764,56.99977199992645,0.3706140000758751,0.06998299977567513,0.9642509999139293,0.0587009999435395,60.48067200026708,2.3732751410002493,906.6084743335828,0.8123492596688217,0.4846782386302948,0.011342883060240234,0.42521442377941193,1,0,0,1
45,1.5,45,2.373279950000324,873.2799500003239,0,1.970110999991448,56.84443700010888,0.47779699980310397,0.30699300032210886,0.9220609999829321,0.06155699975352036,60.59316499977285,2.4338731150000967,933.8731150000967,0.8123196697069878,0.4695844054222107,0.011283789750221186,0.3270863993548622,1,0,0,1
46,1.5333333333333334,46,2.4338789060002455,900.545572666912,0,2.138020000074903,57.16912300022159,0.5007210002077045,0.16665600014675874,0.938953000058973,0.06175699991217698,60.986000999946555,2.494864907000192,961.5315736668585,0.8116050390126058,0.47526273131370544,0.011844860242776041,0.5815294012178734,1,0,0,1
47,1.5666666666666667,47,2.4948704680000446,928.203801333378,0,2.339452999876812,58.3192870003586,0.4882369998995273,0.17126500006270362,1.0750820001703687,0.06009400021866895,62.46428800022841,2.557334756000273,990.6680893336064,0.8117852340845311,0.4745464324951172,0.011351292892832938,0.3787537919568276,1,0,0,1
48,1.6,48,2.5573400160001256,957.3400160001255,0,2.1991069997966406,58.04459599994516,0.49352699988958193,0.16489299969180138,0.9347949999209959,0.060014000155206304,61.906700000236015,2.6192467160003616,1019.2467160003615,0.811874396073375,0.4827234447002411,0.010962915367372435,0.26220421289772516,1,0,0,1
49,1.6333333333333333,49,2.619252166000024,985.9188326666906,0,2.1190239999668847,58.175594000204,0.5832679999002721,0.19591199998103548,1.235294999787584,0.06923199998709606,62.39046900009271,2.6816426350001166,1048.3093016667833,0.8123436058212041,0.49463126063346863,0.010374989720681606,0.08345614709053259,1,0,0,1
50,1.6666666666666667,50,2.6816488560002654,1014.9821893335986,0,2.1355850003601518,57.90761600019323,0.40205300001616706,0.19807599983323598,0.8419189998676302,0.0621889998910774,61.555933999898116,2.7432047900001635,1076.5381233334967,0.8119021956670465,0.48176994919776917,0.010822383903393358,0.20078042329299362,1,0,0,1
51,1.7,51,2.7432097500000054,1043.2097500000054,0,2.081462000205647,57.15738099979717,0.4887979998784431,0.17241700015802053,0.9292849999837927,0.06025500033501885,60.8988250000948,2.8041085750001002,1104.1085750001002,0.8117615592750076,0.46605372428894043,0.01103730945904239,0.2102099722293888,1,0,0,1
52,1.7333333333333334,52,2.804114156000196,1070.7808226668626,0,2.1035439999650407,56.598760999804654,0.529795999682392,0.16777800010459032,1.2798900002053415,0.08441999989372562,60.77578199983691,2.864889938000033,1131.5566046666995,0.8114388869993701,0.49250292778015137,0.011354063032299057,0.4682307260665188,1,0,0,1
53,1.7666666666666666,53,2.8648969610003405,1098.230294333674,0,2.236828000150126,56.84920500016233,0.4889790002380323,0.1658050000514777,0.9220110000569548,0.0602549998802715,60.73302100003275,2.9256299820003733,1158.9633153337068,0.811302476786827,0.4713934659957886,0.011381595976340898,0.3754721876580883,1,0,0,1
54,1.8,54,2.9256354020003528,1125.6354020003528,0,2.0976030000383616,58.37134600005811,0.48528199977226905,0.1648729999033094,0.9196460000566731,0.06068499988032272,62.10950499962564,2.9877449069999784,1187.7449069999784,0.8113066367937865,0.4445212781429291,0.011117153710787149,0.13648789094938213,1,0,0,1
55,1.8333333333333333,55,2.9877506180000637,1154.4172846667304,0,2.1090350001031766,60.146937999888905,0.483867999719223,0.16566500016779173,0.933632999931433,0.060895999922649935,63.909663000231376,3.051660281000295,1218.3269476669618,0.81111285396703,0.44568994641304016,0.011162046819228562,0.16036170978796357,1,0,0,1
56,1.8666666666666667,56,3.0516653910003697,1184.998724333703,0,2.1026130002610444,60.58842599986747,0.5004810000173165,0.1859340000009979,0.9380110000165587,0.060926000060135266,64.38630799993916,3.116051699000309,1249.3850323336421,0.8111872385674325,0.45130473375320435,0.010925485891831739,0.09249185034660372,1,0,0,1
57,1.9,57,3.116057701000045,1216.0577010000452,0,2.0877950000794954,61.59921500011478,0.6142869997347589,0.21512900002562674,1.0040560000561527,0.06526400011352962,65.59623600014675,3.181653937000192,1281.653937000192,0.811316894967992,0.4479176998138428,0.010732917383287834,-0.0019137876160540274,1,0,0,1
58,1.9333333333333333,58,3.1816592070003935,1248.3258736670603,0,2.2268990001066413,60.722341000200686,0.5407359999480832,0.17977199968299828,1.081043000340287,0.07980200007295934,64.84327599991957,3.246502483000313,1313.1691496669798,0.8116844984777879,0.4495554566383362,0.010368918418783159,-0.14079960738356334,1,0,0,1
59,1.9666666666666666,59,3.2465169400002196,1279.850273333553,0,2.398345000074187,58.2451969999056,0.492605000090407,0.18395899996903609,0.982966999799828,0.06329000007099239,62.37759499981621,3.308894535000036,1342.2278683333693,0.8115453851484232,0.4612477719783783,0.010602497169148191,0.011029531593653705,1,0,0,1
60,2.0,60,3.308899935000227,1308.8999350002268,0,2.2869119998176757,57.80339900002218,0.5267199999252625,0.18135500022253837,1.0025829997175606,0.0632700002825004,61.87504999979865,3.3707749850000255,1370.7749850000255,0.811540458693558,0.4716762900352478,0.010715556419361762,0.10798671654640568,1,0,0,1
61,2.033333333333333,61,3.3707809370002906,1337.4476036669573,0,2.2242640002332337,57.4606479999602,0.5967540000710869,0.18525199993746355,1.6465369999423274,0.07347900009335717,62.19838500010155,3.432979322000392,1399.6459886670589,0.8120360369365763,0.4620155394077301,0.010308283207874754,-0.10396535950061256,1,0,0,1
62,2.066666666666667,62,3.4329850330000227,1366.3183663333557,0,2.2129620001578587,59.044445999916206,0.5731380001634534,0.18730600004346343,1.2153580000813236,0.07341000036831247,63.31933299998127,3.496304366000004,1429.637699333337,0.8119046846441412,0.46364447474479675,0.010619420992455948,0.02965507337865618,1,0,0,1
63,2.1,63,3.496310167000047,1396.310167000047,0,11.141436999878351,59.80092199979481,0.485502000174165,0.1605850002306397,0.9354160001748824,0.06227899984878604,72.5977340002828,3.5689079010003297,1468.9079010003297,0.8114453817378946,0.4567747414112091,0.011133770440290909,0.20349168485228664,1,0,0,1
64,2.1333333333333333,64,3.5689131110002563,1435.579777666923,0,2.2970120003265038,57.51627399968129,0.5552439997700276,0.15473400026166928,0.9993180001401925,0.08309800023198477,61.617401000148675,3.630530512000405,1497.1971786670717,0.8119118007096403,0.45639485120773315,0.010642350615913045,0.0032383900021025064,1,0,0,1
65,2.1666666666666665,65,3.6305365340003846,1463.869867333718,0,2.3705220000920235,57.487007999952766,0.49443900024925824,0.15318100031436188,0.9303669999098929,0.06359100007102825,61.50979699987147,3.692046331000256,1525.3796643335895,0.8117005251673279,0.4694153666496277,0.010946461662246006,0.19007678148992121,1,0,0,1
66,2.2,66,3.6920522929999606,1492.0522929999604,0,2.503703999991558,57.309850999899936,0.4671570000027714,0.12922499990963843,0.9044369999173796,0.06057500013412209,61.38512000006813,3.7534374130000288,1553.4374130000285,0.8112425091884432,0.4696774184703827,0.011320599698818636,0.3424040994845803,1,0,0,1
67,2.2333333333333334,67,3.753442653000093,1520.1093196667593,0,2.228812999874208,57.262922000063554,0.36516299996947055,0.06078500018702471,0.8065409997470852,0.05853099992236821,60.790452000219375,3.814233105000312,1580.8997716669787,0.8107773556518738,0.4656964838504791,0.011620209371463526,0.44376616255942747,1,0,0,1
68,2.2666666666666666,68,3.814238375000059,1547.5717083333925,0,2.2010400002727692,56.871628999942914,0.46710700007679407,0.2266510000481503,0.9150569999292202,0.06098599988035858,60.75133700005608,3.874989712000115,1608.3230453334486,0.8110674914653271,0.46861669421195984,0.011163067036505055,0.27358936156535574,1,0,0,1
69,2.3,69,3.87499579300038,1574.9957930003804,0,2.1758319999207743,57.825429999866174,0.4808540002159134,0.1272320000680338,0.9244359998774598,0.060836000102426624,61.604406999776984,3.936600200000157,1636.6002000001574,0.8106534247215396,0.4562695622444153,0.011366056469214271,0.29477866870948044,1,0,0,1
70,2.3333333333333335,70,3.9366053300000203,1603.2719966666868,0,2.027520999945409,56.741873000191845,0.4132540002501628,0.07740700038993964,0.8604239997112018,0.059391999911895255,60.18823800013706,3.9967935680001574,1663.460234666824,0.8108122161254496,0.4683142602443695,0.010945489953857114,0.18426628585863106,1,0,0,1
71,2.3666666666666667,71,3.996799359000306,1630.1326923336394,0,2.0677970001088397,57.43265499995687,0.4094770001756842,0.06739799982824479,0.838902999930724,0.05967299966869177,60.88442000009309,4.057683779000399,1691.0171123337325,0.8106662298698573,0.46107178926467896,0.010983902943701086,0.16413536329405598,1,0,0,1
72,2.4,72,4.057688898000379,1657.6888980003787,0,2.0221109998601605,57.5206819999039,0.47906999998303945,0.12763300037477165,0.9106990000873338,0.06105600004957523,61.1314989996572,4.118820397000036,1718.8203970000359,0.810563997300646,0.4640807807445526,0.011058354067408217,0.20899730978198008,1,0,0,1
73,2.433333333333333,73,4.11882557700028,1685.4922436669467,0,2.0263280002836837,59.079742999983864,0.4998189997422742,0.15946300027280813,0.9647820002101071,0.0629000001026725,62.80415599985645,4.181629733000136,1748.2963996668032,0.8103433267770823,0.4601217210292816,0.011153151049801614,0.2277850535341136,1,0,0,1
74,2.466666666666667,74,4.181634872000359,1714.9682053336921,0,2.2073610002735222,61.084439999831375,0.5101689998809888,0.1710440001261304,0.9390840000378375,0.06251900003917399,64.98490699959802,4.246619778999957,1779.9531123332902,0.809736835542488,0.4587881863117218,0.011682117798281634,0.4347646113219985,1,0,0,1
75,2.5,75,4.246625570000106,1746.6255700001057,0,2.021409000008134,58.92814500020904,0.48797599993122276,0.42651000012483564,0.9381410000059986,0.06023400010235491,62.87290699992809,4.309498477000034,1809.4984770000337,0.8096222133352817,0.4627631902694702,0.011527894859747485,0.39206533403550353,1,0,0,1
76,2.533333333333333,76,4.309503707000204,1776.1703736668703,0,2.0453539996196923,58.603280000170344,0.3936580001209222,0.07913000035841833,0.8247959999607701,0.06856999971205369,62.022943000101805,4.371526650000305,1838.1933166669721,0.80902098332272,0.46641257405281067,0.01186812073866534,0.5473705330089051,1,0,0,1
77,2.566666666666667,77,4.371532602000116,1804.8659353334488,0,1.907221999772446,58.71773699982441,0.4947689999426075,0.31067000008988543,0.9316789996773878,0.06101600001784391,62.43269100014004,4.433965293000256,1867.2986263335888,0.8085171622800231,0.4706011116504669,0.011986188286880702,0.6156444334843735,1,0,0,1
78,2.6,78,4.433970743000373,1833.9707430003727,0,1.971464000234846,58.643204999953014,0.5203689997870242,0.17681599956631544,0.9702030001790263,0.061176000144769205,62.354142000003776,4.4963248850003765,1896.3248850003765,0.8078000489987585,0.4619419574737549,0.012246760443880574,0.6782270826390411,1,0,0,1
79,2.6333333333333333,79,4.496330425999986,1862.9970926666526,0,2.405007000106707,59.736010000051465,0.49929800024983706,0.4329620001044532,0.9451549999539566,0.0628089997007919,64.09102099996744,4.560421446999953,1927.08811366662,0.8080884542710248,0.45762091875076294,0.011474158535681823,0.34506861399100897,1,0,0,1
80,2.6666666666666665,80,4.560427227000218,1893.760560333552,0,2.1973419998175814,59.2329860000973,0.5033359998378728,0.16621499980828958,1.0153890002584376,0.06597499987037736,63.192425000124786,4.623619652000343,1956.9529853336767,0.8069487862732596,0.4585040211677551,0.012230386767382813,0.6547000280960751,1,0,0,1
81,2.7,81,4.623626064000291,1923.6260640002909,0,2.0643109996854037,59.09017300018604,0.6531809999614779,0.2503549999346433,1.1916029998246813,0.08145400033754413,63.345734999984415,4.6869717990002755,1986.9717990002753,0.8065013880604041,0.4570215940475464,0.012159735717873273,0.6188839294397877,1,0,0,1
82,2.7333333333333334,82,4.686979092999991,1953.6457596666573,0,2.7137740003126964,58.65017900032399,0.5272610001156863,0.22297399982562638,1.002133999918442,0.0646729999971285,63.193196000156604,4.750172289000147,2016.838955666814,0.805760760283882,0.46479344367980957,0.012396419939490567,0.7526752724493043,1,0,0,1
83,2.7666666666666666,83,4.750178140000116,1983.5114733334499,0,2.07256600015171,57.86875499961752,0.5320599998412945,0.18834799993783236,1.0047979999399104,0.06620600015594391,61.74447400007921,4.811922614000196,2045.255947333529,0.8059045142084202,0.467401921749115,0.011742843836233204,0.5016651020650886,1,0,0,1
84,2.8,84,4.811928285000249,2011.9282850002494,0,2.0728869999402377,57.58836099994369,0.5005109997000545,0.17111499983002432,1.137550999828818,0.06152699961603503,61.54241100011859,4.873470696000368,2073.4706960003678,0.8054441291071431,0.462096631526947,0.011657243921859163,0.44100302714691775,1,0,0,1
85,2.8333333333333335,85,4.873476177000157,2040.1428436668234,0,1.9574369998736074,57.35591000029672,0.49428800002715434,0.298847000067326,0.9370190000481671,0.06208800004969817,61.11496899984559,4.9345911460000025,2101.257812666669,0.8046306269406689,0.46357589960098267,0.01209458179680429,0.6248333986576846,1,0,0,1
86,2.8666666666666667,86,4.934596716000215,2067.930049333548,0,2.28638199996567,57.18373299987434,0.6633990001319034,0.2506659998289251,0.9627279996493598,0.06384100015566219,61.421641999913845,4.9960183580001285,2129.351691333462,0.8044305010446516,0.4584490954875946,0.011827017412887754,0.4915913658215402,1,0,0,1
87,2.9,87,4.996024299000055,2096.024299000055,0,2.1771940000689938,58.60582500008604,0.49994999972113874,0.17451199983042898,0.9403560002283484,0.06207799970070482,62.47172600023987,5.058496025000295,2158.496025000295,0.8046787090122042,0.4529755413532257,0.011246244635527626,0.23020226214028808,1,0,0,1
88,2.933333333333333,88,5.058501455000169,2125.1681216668358,0,1.9865630001731915,57.98382300008598,0.4433620001691452,0.12102000027880422,0.8777470002314658,0.0606349999543454,61.48167499986812,5.119983130000037,2186.649796666704,0.8031376901172294,0.45741507411003113,0.01248081223144843,0.7504372697095023,1,0,0,1
89,2.966666666666667,89,5.119988079999985,2153.3214133333177,0,1.8719449999480275,61.508106000019325,0.42109000014534104,0.09193500000037602,0.8612259998699301,0.060463999943749513,64.82262000008632,5.184810700000071,2218.144033333404,0.8023009954103647,0.4592583477497101,0.012740897190834634,0.8645026031743862,1,0,0,1
90,3.0,90,5.184816220000357,2184.816220000357,0,2.1837170002072526,57.141053000123065,0.6754930000170134,0.21552899988819263,1.327811000010115,0.09750499975780258,61.65639699975145,5.246472617000109,2246.4726170001086,0.8017104369998114,0.4405103921890259,0.01274904771881192,0.7755397496119961,1,0,0,1
91,3.033333333333333,91,5.246480723000332,2213.1473896669986,0,2.1688890001314576,59.76390400019227,0.5039070001657819,0.1938579998750356,0.9834380002757825,0.062338000134332106,63.688295999781985,5.310169019000114,2276.8356856667806,0.8016632225574348,0.46194174885749817,0.012116246149978395,0.6255380242984518,1,0,0,1
92,3.066666666666667,92,5.310174810000262,2243.5081433335954,0,2.1530290000555397,57.614413000010245,0.5206579999139649,0.19817600013993797,0.9626480000406445,0.06532499992317753,61.5259609999157,5.371700771000178,2305.034104333511,0.8012620167074909,0.45929795503616333,0.011763580386230023,0.47015911288900664,1,0,0,1
93,3.1,93,5.371706843000084,2271.7068430000836,0,2.299335999850882,57.10617699969589,0.6716349998896476,0.2156499999728112,1.3130940001246927,0.06405199974324205,61.68246800007182,5.433389311000155,2333.3893110001554,0.8006362163870532,0.4527592360973358,0.011920462354233087,0.5013165396597916,1,0,0,1
94,3.1333333333333333,94,5.433394942000177,2300.0616086668438,0,2.2567050000361633,57.001569000021846,0.5005799998798466,0.17635499989410164,0.9433410000383446,0.06173800011310959,60.95077800000581,5.494345720000183,2361.0123866668496,0.8003636984737358,0.4634841978549957,0.0117767855117226,0.4960892343301433,1,0,0,1
95,3.1666666666666665,95,5.494351361000099,2327.6846943334326,0,2.2037749999981315,57.80588600009651,0.48743599973022356,0.17204699997819262,0.966635999702703,0.06340100026136497,61.70873800010668,5.556060099000206,2389.3934323335393,0.7998293135630348,0.4571576714515686,0.011974485790904717,0.5447689663920324,1,0,0,1
96,3.2,96,5.556065349000164,2356.065349000164,0,2.1099370001138595,57.6920000003156,0.44832100002167863,0.12367499994070386,0.8852109999679669,0.06255900007090531,61.3310509997973,5.617396399999961,2417.3963999999614,0.7992209751687994,0.45552903413772583,0.012124346936540055,0.5972531889232842,1,0,0,1
97,3.2333333333333334,97,5.617401419000089,2384.0680856667555,0,2.0746000000144704,57.61170799996762,0.3799819996856968,0.06642700009251712,0.8010209999156359,0.059702999806177104,61.001626000233955,5.678403045000323,2445.0697116669894,0.7995367701336141,0.45986640453338623,0.011298291587052485,0.28512129629195737,1,0,0,1
98,3.2666666666666666,98,5.678408165000292,2411.7414983336253,0,1.8809920002240688,57.03468199999406,0.3951700000470737,0.07558300012533437,0.8288740000352846,0.059792999763885746,60.28383200009557,5.738691997000387,2472.025330333721,0.79923774731715,0.4539938271045685,0.011322452840156823,0.265977855849364,1,0,0,1
99,3.3,99,5.738697097000113,2438.697097000113,0,1.8856309998227516,56.87868599989088,0.4009720000794914,0.08186599961845786,1.0862729996006237,0.06031400016581756,60.40141499988749,5.7990985120000005,2499.0985120000005,0.7985849009455644,0.44830766320228577,0.011693811422595964,0.38791369755922495,1,0,0,1
100,3.3333333333333335,100,5.799103311000181,2465.7699776668474,0,1.8661140002222965,56.80642900006205,0.43144999972355436,0.11336500028846785,0.8738799997445312,0.060273999679338885,60.16029800002798,5.859263609000209,2525.9302756668753,0.798157764074831,0.46423107385635376,0.011809845138961862,0.5131104142618798,1,0,0,1
101,3.3666666666666667,101,5.859268939000231,2492.602272333564,0,1.8733479996626556,58.04421899983936,0.37538300011874526,0.07132500013540266,0.8091670001704188,0.0675480000609241,61.249155000041355,5.920518094000272,2553.8514273336054,0.7980301943602869,0.4724053144454956,0.011671612080013834,0.4975293898209065,1,0,0,1
102,3.4,102,5.920523234000029,2520.5232340000293,0,1.882093999938661,57.68201199998657,0.3837790000034147,0.07185599997683312,0.8017929999368789,0.06032500004948815,60.89013300015722,5.9814133670001866,2581.4133670001866,0.7974708298374212,0.48250237107276917,0.011854332659547669,0.6209775148543912,1,0,0,1
103,3.433333333333333,103,5.981418908000251,2548.0855746669176,0,1.8489009999029804,57.26855600005365,0.3749219999917841,0.2288139999109262,0.810408999768697,0.06062500006009941,60.59997200009093,6.042018880000342,2608.6855466670086,0.796647306011018,0.46608373522758484,0.012236127116018743,0.6943149284474606,1,0,0,1
104,3.466666666666667,104,6.0420239899999615,2575.3573233332945,0,1.8261380000694771,57.18795299981139,0.4569480001919146,0.12754199997289106,0.8903800003281503,0.058660999911808176,60.55677100039247,6.102580761000354,2635.914094333687,0.7963224040015413,0.46368715167045593,0.01207663039185878,0.6181339362162747,1,0,0,1
105,3.5,105,6.102586311000323,2602.586311000323,0,1.832680999996228,56.73275800018018,0.38305800035232096,0.0679290001244226,0.8033559997784323,0.0604849997216661,59.88806100003785,6.162474372000361,2662.4743720003607,0.796813941450233,0.4660152494907379,0.011126252924844683,0.24592672503411267,1,0,0,1
106,3.533333333333333,106,6.1624793410001075,2629.1460076667745,0,2.008294000006572,57.366452000223944,0.41818400040938286,0.099028000022372,0.8688799998708419,0.05904199997530668,60.829108000234555,6.223308449000342,2689.975115667009,0.7957032393699262,0.4602509140968323,0.011932891777638045,0.5431985897206297,1,0,0,1
107,3.566666666666667,107,6.223313649000374,2656.6469823337075,0,2.101710999795614,57.860720999997284,0.3815649997704895,0.06248799991226406,0.8143469999595254,0.06051499985915143,61.289381999813486,6.284603031000188,2717.936364333521,0.794873682361246,0.46534857153892517,0.012320551169444423,0.7247790133759866,1,0,0,1
108,3.6,108,6.284607950000009,2684.6079500000087,0,2.0351149996713502,59.313670999927126,0.39762500000506407,0.08494099984091008,0.8483010001327784,0.06333999999696971,62.75111900004049,6.347359069000049,2747.359069000049,0.7948310750021957,0.48156464099884033,0.011919752616051695,0.6427729618593792,1,0,0,1
109,3.6333333333333333,109,6.347366002000399,2714.0326686670655,0,1.8755219998638495,56.83686800011856,0.5174220000299101,0.14723000003868947,1.0383110002294416,0.06462300007115118,60.490124999887485,6.4078561270002865,2774.522793666953,0.7946983628998144,0.47865229845046997,0.011679632468596608,0.5315067587027082,1,0,0,1
110,3.6666666666666665,110,6.407861568000044,2741.1949013333774,0,1.8774250002024928,58.54047299999365,0.4903610001747438,0.19845700035148184,0.9300359997723717,0.0607149995630607,67.22176900029808,6.475083337000342,2808.4166703336755,0.7938300916080409,0.4740663170814514,0.012019009122765552,0.6459453154496212,1,0,0,1
111,3.7,111,6.475088957000025,2775.0889570000254,0,1.9401049999032693,55.92240999976639,0.49467000008007744,0.1594929999555461,0.9463880001021607,0.06459199994424125,59.538158000123076,6.5346271150001485,2834.6271150001485,0.7937608433956925,0.47516027092933655,0.011619970394642555,0.4902382063578814,1,0,0,1
112,3.7333333333333334,112,6.534632595000403,2801.2992616670695,0,2.023141999870859,58.1427080001049,0.4311090001465345,0.10879699993893155,0.8685200000400073,0.07884900014687446,61.66259199972046,6.596295187000123,2862.96185366679,0.7928104138955194,0.4543066918849945,0.012292190153427286,0.6589959512241699,1,0,0,1
113,3.7666666666666666,113,6.596302241000103,2829.6355743334366,0,2.2684179998577747,57.62402200025463,0.5078650001451024,0.18276699984198785,0.9516769996480434,0.05994399998598965,61.60694600021088,6.657909187000314,2891.2425203336475,0.7925217731921071,0.462139755487442,0.012075665580170487,0.6101301637854958,1,0,0,1
114,3.8,114,6.657915439000135,2857.915439000135,0,2.0967020000171033,57.748759999867616,0.3957509998144815,0.08503099979861872,0.833813000099326,0.06150700028229039,61.22945900006016,6.719144898000195,2919.144898000195,0.7921170620767758,0.46227407455444336,0.011936229268575023,0.5545012983745274,1,0,0,1
115,3.8333333333333335,115,6.7191502990003755,2885.816965667042,0,2.0898180000585853,57.717961000435025,0.38662399992972496,0.07858900016799453,0.8600529999966966,0.06081499986976269,61.20209699975021,6.780352396000126,2947.0190626667923,0.7921935048143917,0.4605291485786438,0.01143152914814289,0.34216986764075896,1,0,0,1
116,3.8666666666666667,116,6.7803577260001475,2913.691059333481,0,2.107182000145258,57.32453400014492,0.37759700035167043,0.22477699985756772,0.8160799998222501,0.0604040001235262,60.91947100003381,6.841277197000181,2974.610530333515,0.7918442703876237,0.45606890320777893,0.011388928929585602,0.30302479359561785,1,0,0,1
117,3.9,117,6.841282297000362,2941.2822970003617,0,1.864561000274989,61.914599999909115,0.4929860001539055,0.16923100019994308,0.9508160001132637,0.06060499981686007,65.46368999988772,6.906745987000249,3006.7459870002494,0.7913513714629007,0.46006715297698975,0.011640291977334717,0.42417313550636987,1,0,0,1
118,3.933333333333333,118,6.906752018000134,2973.418684666801,0,2.0558739997795783,59.78634900020552,0.5246360001365247,0.16793900022094022,1.0696109998207248,0.07632500000909204,63.69424100012111,6.970446259000255,3037.112925666922,0.7909555528137441,0.4554912745952606,0.011743510194189712,0.44332531006837417,1,0,0,1
119,3.966666666666667,119,6.970453102000192,3003.7864353335253,0,1.9418480001149874,59.81942100015658,0.5265899999358226,0.1874360000329034,0.9884969999802706,0.06369099992298288,63.538975000028586,7.033992077000221,3067.325410333554,0.7910606364380595,0.4570506513118744,0.0113480492541164,0.2913527471653614,1,0,0,1
120,4.0,120,7.033997748000274,3033.9977480002744,0,1.9425690002208285,57.65457999996215,0.4762439998557966,0.16133600001921877,0.9318200000052457,0.059993999911966966,61.23644199988121,7.095234190000156,3095.2341900001556,0.7912403868081175,0.44592782855033875,0.010885081789975333,0.04972272480515172,1,0,0,1
121,4.033333333333333,121,7.0952393600000505,3061.9060266667175,0,2.062997999928484,58.70077700001275,0.4843500000788481,0.15685800008213846,0.9267699997508316,0.06116599979577586,62.40306800009421,7.157642428000145,3124.3090946668117,0.7911823287867177,0.4474279582500458,0.01079216891649857,0.019595914656019488,1,0,0,1
122,4.066666666666666,122,7.157647568000357,3090.9809013336903,0,2.024945999892225,58.00219000002471,0.47962100006770925,0.16635599968140014,0.9240649997082073,0.059111999689775985,61.666950000017096,7.219314518000374,3152.6478513337074,0.7912572070177963,0.43680012226104736,0.010675030016374161,-0.07998899159025363,1,0,0,1
123,4.1,123,7.2193199190001,3119.3199190001,0,2.0037750000483356,58.443187000193575,0.47044299981280346,0.167747999967105,0.9399549999216106,0.05941300014455919,62.09467200005747,7.281414591000157,3181.4145910001575,0.7914861139017537,0.4316585063934326,0.010521536683429845,-0.16725393992732313,1,0,0,1
124,4.133333333333334,124,7.28141972100002,3148.0863876666863,0,1.8971929998770065,59.55717500000901,0.5110010001772025,0.31400699981531943,0.9327920001851453,0.0629599999228958,63.28620600015711,7.344705927000177,3211.3725936668434,0.791332945463683,0.4252241849899292,0.010781074487424082,-0.09414110554604384,1,0,0,1
125,4.166666666666667,125,7.344711447999998,3178.0447813333312,0,1.9858910000039032,62.3506299998553,0.6438130003516562,0.26683700025387225,1.143221000347694,0.06178700004966231,66.46302000035575,7.411174468000354,3244.507801333687,0.7915822487842048,0.4287901222705841,0.01055491083079372,-0.16789542327682136,1,0,0,1
126,4.2,126,7.411180568999953,3211.180568999953,0,1.8863519999285927,60.23203699987789,0.43642899981932715,0.3581099999792059,0.8853809999891382,0.06031399971107021,63.86837300033221,7.475048942000285,3275.048942000285,0.7916473785095383,0.43678104877471924,0.010589761104832042,-0.11450552162525861,1,0,0,1
127,4.233333333333333,127,7.4750544120001905,3241.721078666857,0,1.8859409997276089,56.786793999890506,0.4128740001760889,0.08177499967132462,0.863229000060528,0.06160700013424503,60.10073800007376,7.535155150000264,3301.8218166669308,0.7914628671246356,0.43881961703300476,0.01087181536267013,0.00938970601846303,1,0,0,1
128,4.266666666666667,128,7.535160841000106,3268.49417433344,0,1.986150999982783,57.80741299986403,0.3798510001615796,0.06733800000802148,0.8188950000658224,0.06703700000798563,61.13530099992204,7.596296142000028,3329.629475333362,0.792038614465266,0.4236496090888977,0.01029025632776024,-0.30003020862479113,1,0,0,1
129,4.3,129,7.596302615000241,3296.3026150002406,0,1.9833960000141815,57.74025500022617,0.3929759996026405,0.07947099993543816,0.8373609998670872,0.060495000070659444,61.10197799989692,7.6574045930001375,3357.4045930001375,0.7927481984588831,0.4203944206237793,0.009757089584538893,-0.5312850448875116,1,0,0,1
130,4.333333333333333,130,7.657409713000106,3324.0763796667734,0,1.8716649997259083,57.536608000191336,0.37902000030953786,0.06678700037809904,0.8185249998859945,0.06071600000723265,60.74145399998088,7.718151167000087,3384.8178336667543,0.7928463310483569,0.4191582202911377,0.009950444413734695,-0.459311551302953,1,0,0,1
131,4.366666666666666,131,7.718156397000257,3351.489730333591,0,1.8892690000029688,57.80399600007513,0.5015729998376628,0.1700530001471634,0.9142969997810724,0.06949199996597599,61.36023999988538,7.7795166370001425,3412.8499703334764,0.7933849536950399,0.4041006863117218,0.009711559901756324,-0.629841855215249,1,0,0,1
132,4.4,132,7.779522508000355,3379.5225080003543,0,2.0696900000984897,57.16319900011513,0.41789299984884565,0.10932800023510936,0.9795000000849541,0.060695999763993314,60.8099839996612,7.840332492000016,3440.3324920000155,0.7934884044126711,0.3877112865447998,0.01008863082672621,-0.5582674478276174,1,0,0,1
133,4.433333333333334,133,7.840337782000006,3407.0044486666725,0,1.855073000115226,56.68534200003705,0.39687399976173765,0.3199069997208426,0.8541219999642635,0.07282800015673274,60.19255199998952,7.9005303339999955,3467.197000666662,0.7944018737413354,0.3854650855064392,0.009537608984913161,-0.7917653759714565,1,0,0,1
134,4.466666666666667,134,7.900535524000134,3433.8688573334666,0,1.8682279996937723,56.79430800000773,0.4016429998046078,0.07251799979712814,0.8261279999715043,0.05955300002824515,60.03741699987586,7.9605729410000095,3493.9062743333425,0.7948238020117767,0.3939575254917145,0.00952909953508494,-0.7534117986861072,1,0,0,1
135,4.5,135,7.9605782410003485,3460.5782410003485,0,1.8521470001360285,58.052778000273975,0.40122200016412535,0.089490000391379,0.8340940003108699,0.05940199980614125,61.2971989999096,8.021875440000258,3521.875440000258,0.7948756353768087,0.4057679772377014,0.009971633910907891,-0.5166469015765884,1,0,0,1
136,4.533333333333333,136,8.021880750000037,3488.5474166667036,0,1.9300760000078299,57.853979999890726,0.3883179997501429,0.07051400007185293,0.8304669995595759,0.059963999774481636,61.141714000314096,8.08302246400035,3549.6891306670177,0.7958081946876403,0.39160794019699097,0.00941174502051851,-0.8123489063239758,1,0,0,1
137,4.566666666666666,137,8.08302764400014,3516.3609773334733,0,1.8693310003072838,57.5893579998592,0.5285840002215991,0.30675199968754896,1.0416089999125688,0.06079599961594795,61.40682800014474,8.144434472000285,3577.767805333618,0.7969036460733843,0.38131916522979736,0.008896241203516848,-1.0710835130630028,1,0,0,1
138,4.6,138,8.144439712000349,3544.439712000349,0,1.8765640002129658,58.536276999802794,0.5102089999127202,0.1757129998622986,0.9328219998678833,0.06811999992351048,62.11161600003834,8.206551328000387,3606.5513280003875,0.7978184651357052,0.37429991364479065,0.008606865224208123,-1.2224429669725378,1,0,0,1
139,4.633333333333334,139,8.20655658800024,3573.2232546669056,0,2.0831860001635505,58.43582499983313,0.49688299986883067,0.1631599998290767,0.9432110000489047,0.05906300020797062,62.19213899976239,8.268748727000002,3635.415393666668,0.7981982900731818,0.3704005777835846,0.008975706067713675,-1.0927310689341714,1,0,0,1
140,4.666666666666667,140,8.268754447999981,3602.0877813333145,0,2.01102000028186,58.185340000363794,0.3914740000254824,0.07939099987197551,0.8276819999082363,0.06036500008121948,61.56384700034323,8.330318295000325,3663.6516283336578,0.7984700566371399,0.36471056938171387,0.009534603177848829,-0.8951056870855896,1,0,0,1
141,4.7,141,8.330323515000146,3630.3235150001456,0,2.00648000009096,59.294097000019974,0.4912530002911808,0.17768699990483583,0.9338130003015976,0.06494299987025443,62.979706000078295,8.393303221000224,3693.303221000224,0.7993863173566031,0.3611575663089752,0.009283807945760454,-1.0138338761054038,1,0,0,1
142,4.733333333333333,142,8.39330952299997,3659.9761896666373,0,2.1335920000638,60.715816999618255,0.56475200017303,0.15760900032546488,0.9944989997165976,0.06005400018693763,64.63622199999008,8.45794574499996,3724.6124116666274,0.8002432031600819,0.3510053753852844,0.009047589963086418,-1.159149961187318,1,0,0,1
143,4.766666666666667,143,8.457951215000321,3691.2845483336546,0,2.0681569999396743,58.30396600003951,0.4521279997788952,0.10536999980104156,0.8948289996624226,0.05937200012340327,61.89250199986418,8.519843717000185,3753.1770503335188,0.801369705849921,0.34629493951797485,0.008527271779341546,-1.3923787371471232,1,0,0,1
144,4.8,144,8.51984888700008,3719.84888700008,0,2.0923840002069483,58.578447999934724,0.41221300034521846,0.09752599999046652,0.862387999859493,0.05933300008109654,62.11164800015467,8.581960535000235,3781.960535000235,0.8018427238467745,0.35374701023101807,0.008847107726672833,-1.2265929556736719,1,0,0,1
145,4.833333333333333,145,8.581972688000405,3748.6393546670724,0,1.9754509999074799,58.79180300007647,0.4722069998024381,0.37089500028741895,0.8993089995783521,0.0658449998809374,62.58573799959777,8.644558426000003,3811.22509266667,0.8016922464658917,0.3536050617694855,0.009840751909964286,-0.8261617671277155,1,0,0,1
146,4.866666666666666,146,8.644563916000152,3777.897249333486,0,2.1645910001097945,62.209703999997146,0.5101589999867429,0.319676999879448,0.9783580003386305,0.06698700008200831,66.26038700005665,8.710824303000209,3844.1576363335425,0.8020890245817756,0.34893471002578735,0.010020456071402513,-0.7765974373822786,1,0,0,1
147,4.9,147,8.7108297030004,3810.829703000399,0,2.0197059998281475,61.07235399986166,0.51569000015661,0.3476500000942906,1.214736999827437,0.06268900006034528,65.2444369998193,8.776074140000219,3876.0741400002184,0.8023035477703484,0.3356100916862488,0.01026738823825308,-0.7424785701045599,1,0,0,1
148,4.933333333333334,148,8.776079611000114,3842.7462776667803,0,2.0464259996515466,58.697464000033506,0.5008809998798824,0.17245700018975185,0.9372409999741649,0.0683100001879211,62.43339899992861,8.838513010000042,3905.179676666709,0.8031057538704882,0.3446219861507416,0.009698642618220128,-0.9277337249659628,1,0,0,1
149,4.966666666666667,149,8.83852028299998,3871.853616333313,0,2.041527000073984,57.725127000139764,0.7752319997962331,0.19888800034095766,0.9498340000391181,0.06030400027157157,61.76155299999664,8.900281835999976,3933.6151693333095,0.8035419272010292,0.3404003977775574,0.009578226793607543,-0.9971182471944886,1,0,0,1
150,5.0,150,8.9002876870004,3900.2876870004,0,2.0723360003103153,57.78676399995675,0.5035069998484687,0.1709950001895777,0.937199999953009,0.06068500033507007,61.541624999790656,8.96182931200019,3961.829312000191,0.803657741094209,0.3496015667915344,0.009924833084212221,-0.8119185996748746,1,0,0,1
151,5.033333333333333,151,8.961835133000022,3928.5017996666893,0,2.08120199977202,58.74707800012402,0.514325999574794,0.17785799991543172,0.9542920001877064,0.06053500010239077,62.54626400004781,9.02438139700007,3991.048063666737,0.8039352144891714,0.34389376640319824,0.010039538817358147,-0.793698822461484,1,0,0,1
152,5.066666666666666,152,9.024386667000272,3957.720000333605,0,2.072765999855619,58.844111999860615,0.5017519997636555,0.15332100019804784,0.9210690000145405,0.06155699975352036,62.56372600000759,9.08695039300028,4020.283726333613,0.8043225306368575,0.3390218913555145,0.010060139349377724,-0.8093555473333494,1,0,0,1
153,5.1,153,9.086955882999973,3986.9558829999737,0,2.012803000070562,57.884059000116395,0.591353000345407,0.1793809997252538,1.0600529999464925,0.06614499989154865,61.80487500023446,9.148760758000208,4048.760758000208,0.8045266068669478,0.3321269750595093,0.010160257310879835,-0.8028662365850565,1,0,0,1
154,5.133333333333334,154,9.148767210000187,4015.4338766668534,0,2.4746690000938543,58.494188000167924,0.5566269996961637,0.21221299994067522,1.2444740000319143,0.06903099983901484,63.066141000035714,9.211833351000223,4078.500017666889,0.8044008563063358,0.33038777112960815,0.010532177787971393,-0.661281729334933,1,0,0,1
155,5.166666666666667,155,9.211846195000362,4045.179528333695,0,2.1741389996350335,57.78679500008366,0.4838990003008803,0.16747800009397906,1.02837400027056,0.06817999974373379,61.71998399986478,9.273566179000227,4106.89951233356,0.8044983592648767,0.32901087403297424,0.010620453632462286,-0.6324204754145756,1,0,0,1
156,5.2,156,9.273571369000365,4073.571369000365,0,2.0092959998692095,57.282235999991826,0.5137860002832895,0.2967340001305274,0.9567970000716741,0.0640620000922354,61.13387200002762,9.334705241000393,4134.705241000393,0.804841186241027,0.3278585374355316,0.01041841285023832,-0.7196537380236774,1,0,0,1
157,5.233333333333333,157,9.334710781000013,4101.3774476666795,0,2.060554000308912,57.47866999990947,0.4978850001862156,0.16782800003056764,0.925017000099615,0.06159699978525168,61.201872000310686,9.395912653000323,4162.57931966699,0.8053718467048806,0.32055485248565674,0.010017416287427035,-0.9174735311401185,1,0,0,1
158,5.266666666666667,158,9.395917932999964,4129.251266333297,0,2.1629779998875165,59.11697199962873,0.4883379997409065,0.19964900002378272,0.9328619998996146,0.06009400021866895,62.9714720002994,9.458889405000264,4192.222738333597,0.8056402040581592,0.32798799872398376,0.009960368893631673,-0.9039269764397984,1,0,0,1
159,5.3,159,9.458894484000211,4158.894484000211,0,2.1598819998871477,62.7455829999235,0.5556959999921673,0.4394439997668087,0.9402759997101384,0.06096600009186659,66.91221599976416,9.525806699999976,4225.8066999999755,0.8059627929624843,0.32692256569862366,0.009947616927262377,-0.9143175708574878,1,0,0,1
160,5.333333333333333,160,9.525812160999976,4192.478827666643,0,2.064441000129591,60.66879899981359,0.48171500020544045,0.16826899991428945,1.0155790000681009,0.06170799997562426,64.47063900031935,9.590282800000296,4256.9494666669625,0.8055972963778499,0.3272990882396698,0.010679221936298645,-0.6171191715247668,1,0,0,1
161,5.366666666666666,161,9.590288441000212,4223.6217743335455,0,2.0653930000662513,59.201010999913706,0.4668169999604288,0.14673899977424298,0.9135649997915607,0.059332000091671944,62.862474999747064,9.653150915999959,4286.484249333293,0.8062275292386463,0.3219042122364044,0.010238016609708057,-0.8217783728256832,1,0,0,1
162,5.4,162,9.65315588500016,4253.15588500016,0,2.0147560003351828,57.99052199972721,0.5491430001711706,0.23335299965765444,0.9720959997139289,0.06587500001842272,61.838952000016434,9.714994837000177,4314.994837000177,0.8064735414930313,0.3193722069263458,0.010205924988764443,-0.8471928701989617,1,0,0,1
163,5.433333333333334,163,9.715000608000082,4281.667274666748,0,2.277946000049269,58.23200099985115,0.5180529997232952,0.18899899987445679,1.0260289996040228,0.06752799981768476,62.32366199992612,9.777324270000008,4343.990936666674,0.8065102533283112,0.3102175295352936,0.010377547512202608,-0.8229571111844889,1,0,0,1
164,5.466666666666667,164,9.777330120999977,4310.66345433331,0,2.280029999838007,58.19249599971954,0.5460869997477857,0.19343699977980577,1.0764240000753489,0.07510199975513387,62.37923700018655,9.839709358000164,4373.042691333497,0.8069033439993286,0.30910834670066833,0.010121321932641876,-0.9318521850965934,1,0,0,1
165,5.5,165,9.839723535000303,4339.723535000303,0,2.3913519999041455,62.876431999939086,0.7449139998243481,0.24214000040956307,1.2841179996030405,0.07532300014645443,67.62827600005039,9.907351811000353,4407.351811000353,0.8070027643037825,0.3115417957305908,0.010348413533557678,-0.8282020418182894,1,0,0,1
166,5.533333333333333,166,9.907358664000185,4374.025330666852,0,2.336316999844712,61.539362000075926,0.5068430000392254,0.1651539996601059,0.9457159999328724,0.0619580000602582,65.56672099986827,9.972925385000053,4439.59205166672,0.8070821240661751,0.3164818584918976,0.010462862537449137,-0.7576908966821677,1,0,0,1
167,5.566666666666666,167,9.972931085000255,4406.264418333589,0,1.9832660000247415,60.354781999649276,0.5183839998608164,0.17855899977803347,1.0159390003536828,0.06113600011303788,64.12351099970692,10.037054595999962,4470.387929333296,0.806722111833939,0.31758490204811096,0.01097502041297111,-0.545507318785879,1,0,0,1
168,5.6,168,10.0370602160001,4437.0602160001,0,1.960723999673064,57.113216999823635,0.4513070002758468,0.1245270000254095,0.9463369997320115,0.06292900025073322,60.66852899994046,10.09772874500004,4497.72874500004,0.8077915407419725,0.31901848316192627,0.009958556131344672,-0.9487951330454687,1,0,0,1
169,5.633333333333334,169,10.09773427500022,4464.400941666887,0,2.23528400010764,57.681235000018205,0.40298500016433536,0.0912640002752596,0.8434219998889603,0.06083599964767927,61.323722999986785,10.159057998000208,4525.724664666874,0.8074831811914149,0.3119736611843109,0.010488964867563157,-0.7693370190937285,1,0,0,1
170,5.666666666666667,170,10.159063098000388,4492.396431333721,0,1.9626470002549468,58.31497799999852,0.4288940003789321,0.10708299987527425,0.8726369997020811,0.06113600011303788,61.75661499992202,10.22081971300031,4554.153046333643,0.8075295221024652,0.3149629831314087,0.010562728178421,-0.724849527546729,1,0,0,1
171,5.7,171,10.220824922000247,4520.824922000247,0,1.9683579998854839,58.09733600017353,0.43874299990420695,0.11388699977032957,0.878858999840304,0.06186799964780221,61.56908899993141,10.282394011000179,4582.394011000179,0.8074430034341364,0.3092271387577057,0.010761096355822293,-0.6729935951410894,1,0,0,1
172,5.733333333333333,172,10.282399552000243,4549.06621866691,0,1.9494920002216531,57.89462100028686,0.42884399999820744,0.19866700040438445,0.8687700001246412,0.058880999858956784,61.40857499985941,10.343808127000102,4610.474793666769,0.8073288049733822,0.31484341621398926,0.011055517716625864,-0.5265009672544484,1,0,0,1
173,5.766666666666667,173,10.343814559000293,4577.147892333626,0,2.029965000019729,57.54959700016116,0.4832980002902332,0.15730800032542902,0.9308570001849148,0.059993999911966966,61.22095899991109,10.405035518000204,4638.368851333537,0.8078192816588096,0.31834515929222107,0.01044935708905096,-0.7539742291116414,1,0,0,1
174,5.8,174,10.405040908000046,4605.040908000046,0,2.060673000414681,57.123386999592185,0.7047489998512901,0.186655000106839,1.241247000052681,0.07013300000835443,61.398426000323525,10.46643933400037,4666.43933400037,0.8079642619392818,0.3153844177722931,0.010388401925427344,-0.7931504934966986,1,0,0,1
175,5.833333333333333,175,10.466453221000393,4633.11988766706,0,2.1895489999224083,62.28311600034431,0.7027550000202609,0.2253379998364835,1.4610650000577152,0.09021200003189733,66.96668099993985,10.533419902000333,4700.0865686669995,0.8082537567286903,0.31745508313179016,0.010207592095223074,-0.8559534701693337,1,0,0,1
176,5.866666666666666,176,10.533427867000228,4666.761200333562,0,8.607447000031243,60.68768600016483,0.6121219998931338,0.19513999995979248,0.97281699981977,0.06394100000761682,71.15199999998367,10.604579867000211,4737.913200333545,0.8089292680398891,0.3269021213054657,0.009734769107662723,-1.0003438764974741,1,0,0,1
177,5.9,177,10.604585327000223,4704.585327000223,0,2.17260699992039,60.009908999745676,0.5458159998852352,0.30348599966600887,1.0218509996775538,0.0699429997439438,64.13549499984583,10.668720822000068,4768.720822000068,0.8094045708317448,0.30340859293937683,0.009659582082433733,-1.1463012949025266,1,0,0,1
178,5.933333333333334,178,10.668726923000122,4735.393589666788,0,2.19217399990157,56.37651899996854,0.5165909997231211,0.17905000004247995,0.95530399994459,0.06325999993350706,60.29444000023432,10.729021363000356,4795.688029667022,0.8099818534185242,0.31395223736763,0.009478621788888066,-1.167471970602378,1,0,0,1
179,5.966666666666667,179,10.729026602999966,4762.359936333299,0,2.243200000066281,58.27237899984539,0.48237600003631087,0.15544500001851702,0.9360179997202067,0.06269899995459127,62.16256700008671,10.791189170000052,4824.522503333385,0.80962504507535,0.30986693501472473,0.010339828001872865,-0.8399094800833997,1,0,0,1
180,6.0,180,10.791194781000286,4791.194781000286,0,2.169790000152716,58.79823800023587,0.5722870000681723,0.17138499970315024,1.2404349999997066,0.06783900016671396,63.03034499978821,10.854225126000074,4854.225126000074,0.8102192528836245,0.3134554922580719,0.01008844228026335,-0.9237345254941874,1,0,0,1
181,6.033333333333333,181,10.854231608000191,4820.898274666858,0,2.2953399998186796,61.45193799966364,0.7702429998062144,0.2769360003185284,1.5242740000758204,0.09704400008558878,66.4322060001723,10.920663814000363,4887.33048066703,0.8108597153777721,0.31542283296585083,0.00977047599704959,-1.0424153739173039,1,0,0,1
182,6.066666666666666,182,10.920671749000121,4854.005082333455,0,3.130624999812426,62.983215999793174,0.4950900001858827,0.1744009996400564,0.9522780001134379,0.06301900020844187,67.80933200025174,10.988481081000373,4921.814414333707,0.8115811028935331,0.31258609890937805,0.00941287461779542,-1.2007361732959578,1,0,0,1
183,6.1,183,10.988486361000014,4888.486361000014,0,2.450814999974682,59.70302700006869,0.5100480002511176,0.1773570002114866,1.1384620001990697,0.09589299997969647,64.08925599998838,11.052575617000002,4952.575617000002,0.8117473346283306,0.31080904603004456,0.009646455251750181,-1.1151850803459766,1,0,0,1
184,6.133333333333334,184,11.052583051000056,4919.249717666722,0,2.4302750002789253,59.738914999798,0.5231729996921786,0.19142299970553722,0.9799109998311906,0.07363999975495972,63.94875000023603,11.116531801000292,4983.198467666958,0.8120754731215507,0.30346620082855225,0.00984888914677521,-1.0695954153337186,1,0,0,1
185,6.166666666666667,185,11.116542722000304,4949.876055333637,0,2.356766000048083,58.32844599990494,0.5496940002558404,0.1903610000226763,1.1549440000635514,0.06696700029351632,62.65736699970148,11.179200089000005,5012.533422333338,0.8118486233513471,0.3037528097629547,0.010539793976460356,-0.7892699332984398,1,0,0,1
186,6.2,186,11.179205700000239,4979.205700000239,0,2.2717839997312694,59.8304680002002,0.6201979999787,0.27001299986295635,1.0259379996568896,0.06158699989100569,64.09070900008373,11.243296409000322,5043.2964090003225,0.8123298675299837,0.3061029613018036,0.010305776791217504,-0.8721772097918025,1,0,0,1
187,6.233333333333333,187,11.243301999000323,5009.96866566699,0,2.1500329999071255,60.78181600014432,0.7473599998775171,0.19661399983306183,1.3070529998913116,0.07383999991361634,65.26899799973762,11.30857099700006,5075.237663666728,0.812504974892856,0.29524940252304077,0.010317860587457851,-0.9207062119139187,1,0,0,1
188,6.266666666666667,188,11.308577067999977,5041.91040133331,0,2.2179430002324807,61.1338649996469,0.5284430003484886,0.18763600019156002,1.1620770001172787,0.06175799990160158,65.3029330001118,11.373880001000089,5107.213334333422,0.8128098902214143,0.2966347634792328,0.01020235532503095,-0.9605182108766981,1,0,0,1
189,6.3,189,11.37388546200009,5073.885462000089,0,2.2945779996916826,60.53093999980774,0.5192560001887614,0.1913839996632305,0.9636599997975281,0.06253799983824138,64.57489000013084,11.43846035200022,5138.46035200022,0.8132648500373879,0.29602327942848206,0.009930999784023183,-1.0730721523937161,1,0,0,1
190,6.333333333333333,190,11.438465562000147,5105.132228666814,0,2.230115000202204,60.83851500034143,0.5201979997764283,0.17971099987335037,1.0886780000873841,0.06813999971200246,64.93776900015291,11.5034033310003,5170.069997666967,0.8139123939847542,0.2940753400325775,0.009637512508167058,-1.201136879822693,1,0,0,1
191,6.366666666666666,191,11.503409202000057,5136.742535333391,0,2.1566259997598536,60.531862000061665,0.507964999997057,0.17204599998876802,0.9479499999542895,0.06604500003959402,64.39398700013044,11.567803189000188,5201.1365223335215,0.8138726532480309,0.32394129037857056,0.010072884858582994,-0.8784174525208308,1,0,0,1
192,6.4,192,11.567808920000061,5167.808920000061,0,2.1514259997275076,57.27523599989581,0.4637699998966127,0.1319609996244253,0.9002900001178205,0.05933300008109654,60.99172499989436,11.628800644999956,5228.800644999956,0.8138608119903006,0.35659071803092957,0.010426645705107075,-0.5749475466545493,1,0,0,1
193,6.433333333333334,193,11.628805905000263,5195.472571666929,0,2.1395339999799035,61.02719299997261,0.6773669997528486,0.23869400001785834,0.9923050001816591,0.061686999742960325,65.14690699987113,11.693952812000134,5260.6194786668,0.8139808527744976,0.3158518075942993,0.010569335363131628,-0.7178085926543172,1,0,0,1
194,6.466666666666667,194,11.69395845200006,5227.291785333394,0,2.0906599997942976,61.213907999899675,0.4823660001420649,0.21843500007889816,1.0043470001619426,0.08262699975603027,65.10484699992958,11.75906329899999,5292.396632333323,0.8142739357641346,0.3048865795135498,0.010455253057772014,-0.8178197728056938,1,0,0,1
195,6.5,195,11.75907711500031,5259.077115000309,0,2.14141699962056,61.47150600008899,0.5055100000390667,0.17986100010602968,1.1325309997118893,0.0637409998489602,65.5063499998505,11.82458346500016,5324.58346500016,0.8149528550426126,0.2954971492290497,0.009866719224139155,-1.101610856740451,1,0,0,1
196,6.533333333333333,196,11.824589236000065,5291.255902666732,0,2.261764999730076,60.91605200026606,0.4441930000211869,0.10075099999085069,0.8953000001383771,0.06071500001780805,64.68846600000688,11.889277702000072,5355.944368666739,0.814485158422991,0.29404935240745544,0.010604466292406224,-0.8109098757647284,1,0,0,1
197,6.566666666666666,197,11.889282731000094,5322.616064333428,0,1.9543409998732386,58.37906300030227,0.39636300016354653,0.06816000040998915,0.8431609999206557,0.06011400000716094,61.70935799991639,11.95099208900001,5384.325422333344,0.8149210527210498,0.29285967350006104,0.010324658602520027,-0.9297210387955046,1,0,0,1
198,6.6,198,11.950997600000392,5350.997600000392,0,1.958690000265051,57.15258400005041,0.47552300020470284,0.20241500033080229,0.9099480002987548,0.05937200012340327,60.768360999645665,12.011765961000037,5411.765961000037,0.8154586079916346,0.29483988881111145,0.010022153318573208,-1.0420969994041962,1,0,0,1
199,6.633333333333334,199,12.011771501000112,5378.438167666778,0,1.9671850000122504,57.02791699968657,0.4978360002496629,0.159654000071896,0.9514879998278047,0.06286000007094117,60.678981999899406,12.072450483000011,5439.1171496666775,0.8152039927548332,0.2937619090080261,0.010572936612249569,-0.8250526900141417,1,0,0,1
200,6.666666666666667,200,12.072456674000023,5405.790007333356,0,2.005018000090786,56.69513399971038,0.4283839998606709,0.08845799993650871,0.9557560001667298,0.061035999806335894,60.2418610001223,12.132698535000145,5466.031868333478,0.8152884125365414,0.2927509844303131,0.01055130125859658,-0.8387612477450186,1,0,0,1
201,6.7,201,12.1327043160004,5432.7043160004,0,1.982786000098713,62.36230800004705,0.561086000288924,0.13932400042904192,0.9773359997780062,0.061776999700668966,66.09555899967745,12.198799875000077,5498.799875000077,0.816089694885479,0.2953275740146637,0.009950832438046571,-1.0684891614974106,1,0,0,1
202,6.733333333333333,202,12.198805104000257,5465.471770666924,0,1.8895980001616408,61.830387999634695,0.48543200000494835,0.1772470000105386,0.9346150000055786,0.06189699979586294,65.38995899973088,12.264195062999988,5530.861729666655,0.8157239014657172,0.293998658657074,0.010608786398915722,-0.8094153173134664,1,0,0,1
203,6.766666666666667,203,12.264200723000158,5497.534056333491,0,1.9397139999455248,61.703136999767594,0.42353499975433806,0.16073599999799626,0.8680189998813148,0.05884199981665006,65.16297799998938,12.329363701000148,5562.697034333481,0.8165711761688831,0.29449668526649475,0.009827835064270436,-1.12223120612888,1,0,0,1
204,6.8,204,12.329369172000042,5529.369172000042,0,2.016240000102698,61.476847999983875,0.43409499994595535,0.3286239998487872,0.8615159999862954,0.06897100001879153,65.1965720003318,12.394565744000374,5594.565744000374,0.8161717054886557,0.2921452224254608,0.010569101598010285,-0.8345561079821844,1,0,0,1
205,6.833333333333333,205,12.394576685000175,5561.243351666842,0,1.9658040000649635,59.93436800008567,0.3752729999177973,0.07487199991373927,0.9770960000423656,0.059311999848432606,63.39500100011719,12.457971686000292,5624.638352666959,0.8168151181689716,0.28946730494499207,0.010146512155722993,-1.0183308055551612,1,0,0,1
206,6.866666666666666,206,12.457976856000187,5591.310189333521,0,1.925317000313953,57.83526200002598,0.3763049999179202,0.05941300014455919,0.8206479997170391,0.060926000060135266,61.08612600019114,12.519062982000378,5652.396315333712,0.8175193517812853,0.2949991524219513,0.009623634364282381,-1.202193614377213,1,0,0,1
207,6.9,207,12.519067931000336,5619.067931000336,0,1.9363279998287908,60.999209999863524,0.48877799963520374,0.18466100027580978,0.9414480000486947,0.06262899978537462,64.62468599966087,12.583692616999997,5683.692616999997,0.818045748373498,0.29699885845184326,0.009546100350961768,-1.223653779597141,1,0,0,1
208,6.933333333333334,208,12.583698037999966,5650.364704666632,0,1.9449239998721168,62.26102800019362,0.4966830001649214,0.16321000020980136,0.9152990000984573,0.06906099997650017,65.8610039999985,12.649559041999964,5716.22570866663,0.8172802249410795,0.2906566560268402,0.010680266834533915,-0.7970040015833691,1,0,0,1
209,6.966666666666667,209,12.64956462300006,5682.897956333393,0,1.96442099968408,61.58157599975311,0.3981560003012419,0.06565500007127412,0.8276010003100964,0.05845100031365291,64.90420699992683,12.714468829999987,5747.80216333332,0.8180387559709463,0.2942429482936859,0.010198865667773095,-0.9736963900678016,1,0,0,1
210,7.0,210,12.714474471000358,5714.474471000358,0,1.9609840001066914,56.57220300008703,0.49868700034494395,0.16408199962825165,1.093265999770665,0.06173700012368499,60.36216099982994,12.774836632000188,5774.836632000188,0.8184853876513835,0.2938779890537262,0.01005814343782966,-1.0323011768773744,1,0,0,1
211,7.033333333333333,211,12.774842382000315,5741.509048666982,0,2.0683380002992635,57.41160800016587,0.5026239996368531,0.18040300028587808,0.9469980000176292,0.060725000366801396,61.18150699967373,12.83602388899999,5802.690555666656,0.8182835812490747,0.2950765788555145,0.010501458807662907,-0.8474388530111043,1,0,0,1
212,7.066666666666666,212,12.836029069000233,5769.362402333567,0,1.9674770001074648,56.90980400004264,0.603565999881539,0.19222499986426556,1.0198069999205472,0.06711700007144827,60.77295199975197,12.896802020999985,5830.135354333319,0.8185618982787196,0.29925742745399475,0.01028259999691223,-0.915218439348553,1,0,0,1
213,7.1,213,12.896808082000007,5796.808082000007,0,2.4734779999562306,61.83578900026987,0.5276530000628554,0.18009199993684888,0.9390429995619343,0.06272899963732925,66.0306060003677,12.962838688000375,5862.8386880003745,0.8185616047158498,0.2988012433052063,0.010603311894192037,-0.7879932411564808,1,0,0,1
214,7.133333333333334,214,12.962844770000174,5829.51143666684,0,2.212803000020358,61.45166900023469,0.46327999962159083,0.2896299997701135,0.9112509997066809,0.06274899988056859,65.40143199981685,13.028246201999991,5894.912868666657,0.819216324452588,0.2976655960083008,0.01007930434367977,-1.005120912837354,1,0,0,1
215,7.166666666666667,215,13.02825898600031,5861.592319333643,0,2.33671800015145,58.61517299990737,0.490721999995003,0.16607500037935097,0.9260789997824759,0.05955300002824515,62.60483000005479,13.090863816000365,5924.197149333698,0.8193721499443719,0.2958312928676605,0.010106213052196951,-1.0032840557797384,1,0,0,1
216,7.2,216,13.090869126000143,5890.869126000143,0,2.0250959996701567,57.7156350000223,0.5809430003864691,0.1948099998116959,1.197773999592755,0.07046400014587562,61.796275000233436,13.152665401000377,5952.665401000377,0.8200916995696247,0.2979106307029724,0.009658805600768462,-1.173668615021671,1,0,0,1
217,7.233333333333333,217,13.152671122000356,5919.337788667023,0,2.4579780001658946,58.335861999694316,0.5460070001390704,0.16555399997741915,0.944133000302827,0.060585000028368086,62.5215219997699,13.215192644000126,5981.859310666793,0.820351932026385,0.2944958209991455,0.009781023466734408,-1.1411330897298468,1,0,0,1
218,7.266666666666667,218,13.21519861500019,5948.531948333523,0,1.9678880003084487,56.968105000123614,0.7015629998932127,0.3461979999883624,1.2847899997723289,0.0700929999766231,61.34950600016964,13.27654812100036,6009.881454333693,0.820525002502358,0.2979542315006256,0.010055534818395169,-1.0132962724743204,1,0,0,1
219,7.3,219,13.276553872000022,5976.553872000022,0,2.104988000155572,61.22300700008054,0.6621470001846319,0.1667970000198693,1.0073929997815867,0.061436999658326386,65.23580800012496,13.341789680000147,6041.789680000147,0.8203721251625218,0.29662448167800903,0.010535581670673956,-0.8260468317870175,1,0,0,1
220,7.333333333333333,220,13.341795100000127,6008.461766666794,0,2.0677870002145937,60.92883900009838,0.6583999997928913,0.18633400031831115,1.1669760001495888,0.09068200006367988,65.1129560001209,13.406908056000248,6073.574722666915,0.8207167237788516,0.3025934398174286,0.010440976858881575,-0.83486687709178,1,0,0,1
221,7.366666666666666,221,13.406915340000069,6040.248673333403,0,2.6400340002510347,60.395025000161695,0.4961730001014075,0.1706839998405485,0.931739999941783,0.061205999827507185,64.70759500007262,13.471622935000141,6104.956268333475,0.821018826416788,0.308852881193161,0.010295130273251914,-0.8629436126629033,1,0,0,1
222,7.4,222,13.471628584999962,6071.628584999962,0,2.096652000091126,56.30686999984391,0.5054199996266107,0.17887900003188406,0.9391839998897922,0.062137999975675484,60.09939400018993,13.531727979000152,6131.727979000152,0.8212624365737564,0.31138625741004944,0.01021824371388428,-0.881516369336619,1,0,0,1
223,7.433333333333334,223,13.531733119000364,6098.39978566703,0,2.1016010000494134,58.72023399979298,0.4886490000899357,0.1721570001791406,0.9760240000105114,0.0670069998705003,62.53718299967659,13.59427030200004,6160.936968666707,0.821683613310042,0.3206889033317566,0.009981425495448261,-0.9313432266793087,1,0,0,1
224,7.466666666666667,224,13.594276283,6127.609616333332,0,2.007453000260284,58.13839900019957,0.47757699985595536,0.1715960002002248,0.9290940001847048,0.060585000028368086,61.79550500019104,13.65607178800019,6189.405121333523,0.8217100801100445,0.3243529200553894,0.01028283073232581,-0.7916377414052995,1,0,0,1
225,7.5,225,13.656083610000223,6156.083610000223,0,2.0078839997950126,59.082051000132196,0.49562100002731313,0.1581209999130806,0.9277920003114559,0.06046499993317411,62.74151199977496,13.718825121999998,6218.825121999998,0.8221223211671425,0.33059048652648926,0.01011892875802612,-0.8271109959321541,1,0,0,0
226,7.533333333333333,226,13.718830321000041,6185.496987666708,0,1.9536600002538762,60.099693999745796,0.5044479999014584,0.1756540000314999,0.9275120000893367,0.0685400000293157,63.739948000147706,13.782570269000189,6249.236935666856,0.8227154757609686,0.3360810875892639,0.009801647851788588,-0.9281782309774849,1,0,0,0
227,7.566666666666666,227,13.782575878999978,6215.909212333312,0,2.0585789998222026,61.811084000055416,0.5547629998545744,0.18712500013862154,1.00577000011981,0.060665000091830734,65.68900000002031,13.848264878999998,6281.598212333332,0.8225585033756736,0.34388068318367004,0.010321880033886628,-0.679783325449627,1,0,0,0
228,7.6,228,13.84827058000019,6248.2705800001895,0,2.1885060000386147,62.92639200000849,0.4932269998789707,0.18514099974709097,0.941377999879478,0.061858000208303565,66.80803400013247,13.915078614000322,6315.078614000322,0.8231856340912679,0.35226741433143616,0.00991347183470024,-0.8033872318056772,1,0,0,0
229,7.633333333333334,229,13.915084285000376,6281.750951667042,0,2.11007799998697,57.70646900009524,0.495801999932155,0.18183499969381955,0.9307479999733914,0.061627000377484364,61.497337999753654,13.97658162300013,6343.248289666795,0.8239344857489425,0.36494195461273193,0.009533508672331499,-0.8944089552389549,1,0,0,0
230,7.666666666666667,230,13.976587104000373,6309.920437333706,0,2.106309999817313,57.739020999633794,0.48409999999421416,0.17280800011576503,0.9389130000272417,0.06087500014473335,61.511976000019786,14.038099080000393,6371.432413333726,0.8241517874089336,0.3637795150279999,0.00976924815779038,-0.8049620121003236,1,0,0,0
231,7.7,231,14.03810435000014,6338.10435000014,0,2.090721000058693,57.39417500035415,0.4921049999211391,0.16653599959681742,0.9526090002509591,0.06265899992285995,61.16985600010594,14.099274206000246,6399.274206000246,0.8250431600224655,0.36198365688323975,0.009236953456249732,-1.0286838730200585,1,0,0,0
