frame,label,valid,inference_valid,raw,score,alarm
8,0,0,0,0.9429904818534851,7.782113512689363,0
9,0,0,0,0.9429699778556824,7.727267792027515,0
10,0,0,0,0.9429327845573425,7.627780205710674,0
11,0,0,0,0.9428943395614624,7.524944479469708,0
12,0,0,0,0.9428598284721375,7.432631478704563,0
13,0,0,0,0.9428295493125916,7.351638379587648,0
14,0,0,0,0.9428285360336304,7.348927980601451,0
15,0,0,0,0.9428313970565796,7.356580871856593,0
16,0,0,0,0.9428457617759705,7.395004763366783,0
17,0,0,0,0.9427927732467651,7.253266839912182,0
18,0,0,0,0.9427680373191833,7.187101217602103,0
19,0,1,1,0.9427751302719116,7.206074010505475,0
20,0,1,1,0.9428014755249023,7.27654438414657,0
21,0,1,1,0.942839503288269,7.378264063746161,0
22,0,1,1,0.9429041147232056,7.551091857924775,0
23,0,1,1,0.9430899620056152,8.048210919040017,0
24,0,1,1,0.9431071281433105,8.094128266570866,0
25,0,1,1,0.9431042671203613,8.086475375315723,0
26,0,1,1,0.9431096911430359,8.100983981653597,0
27,0,1,1,0.9429828524589539,7.761705802675652,0
28,0,1,1,0.9430057406425476,7.822928932716785,0
29,0,1,1,0.943011999130249,7.839669632337407,0
30,0,1,1,0.9429936408996582,7.790563580116915,0
31,0,1,1,0.9429664611816406,7.71786111319307,0
32,0,1,1,0.9429537653923035,7.683901408248379,0
33,0,1,1,0.9429923892021179,7.78721544019279,0
34,0,1,1,0.9430103302001953,7.835205445771908,0
35,0,1,1,0.9430307745933533,7.889891731199274,0
36,0,1,1,0.9430525302886963,7.948085591785246,0
37,0,1,1,0.9430407285690308,7.916517415357787,0
38,0,1,1,0.9430574178695679,7.96115928101278,0
39,0,1,1,0.9430685043334961,7.990814234626454,0
40,0,1,1,0.9430457353591919,7.929909975054285,0
41,0,1,1,0.9430375099182129,7.907907912695753,0
42,0,1,1,0.9430555105209351,7.956057353509352,0
43,0,1,1,0.9431017637252808,8.079779095467474,0
44,0,1,1,0.9431196451187134,8.12760966581211,0
45,0,1,1,0.9431672096252441,8.25483898292884,0
46,0,1,1,0.943198561668396,8.338701916266432,0
47,0,1,1,0.9432384967803955,8.44552352336945,0
48,0,1,1,0.9433228373527527,8.671124380161647,0
49,0,1,1,0.9433828592300415,8.831675661285137,0
50,0,1,1,0.9433483481407166,8.739362660519992,1
51,0,1,1,0.9433340430259705,8.701098204244284,1
52,0,1,1,0.9432593584060669,8.501325855438191,0
53,0,1,1,0.9432956576347351,8.5984219132378,0
54,0,1,1,0.9433598518371582,8.770133660775041,0
55,0,1,1,0.9433567523956299,8.761843028581971,0
56,0,1,1,0.9433493614196777,8.742073059506188,1
57,0,1,1,0.9433174133300781,8.656615773823773,1
58,0,1,1,0.9432753324508667,8.5440544982794,0
59,0,1,1,0.9432591199874878,8.500688114500264,0
60,0,1,1,0.943304717540741,8.622656068879083,0
61,0,1,1,0.9433541297912598,8.754827878264758,0
62,0,1,1,0.9433333277702332,8.699184981430498,0
63,0,1,1,0.943281352519989,8.560157456962093,0
64,0,1,1,0.9432111978530884,8.372502185976641,0
65,0,1,1,0.9431185722351074,8.124739831591432,0
66,0,1,1,0.9431698322296143,8.261854133246052,0
67,0,1,1,0.9433636665344238,8.780337515781897,0
68,0,1,1,0.9433592557907104,8.768539308430219,0
69,0,1,1,0.943250834941864,8.47852661690725,0
70,0,1,1,0.9432353973388672,8.43723289117638,0
71,0,1,1,0.9433056712150574,8.625207032630797,0
72,0,1,1,0.9433088302612305,8.633657100058349,0
73,0,1,1,0.9432910680770874,8.586145400182678,0
74,0,1,1,0.943257749080658,8.497021104107175,0
75,0,1,1,0.9432476758956909,8.470076549479696,0
76,0,1,1,0.9432543516159058,8.487933295741694,0
77,0,1,1,0.9432498812675476,8.475975653155535,0
78,0,1,1,0.9432503581047058,8.477251135031393,0
79,0,1,1,0.9432495832443237,8.475178476983125,0
80,0,1,1,0.943254828453064,8.48920877761755,0
81,0,1,1,0.9432555437088013,8.491122000431336,0
82,0,1,1,0.9433271288871765,8.682603717044358,0
83,0,1,1,0.9434459209442139,9.000358139367217,0
84,0,1,1,0.9434760808944702,9.081032368015169,1
85,0,1,1,0.9435228109359741,9.206029591849148,1
86,0,1,1,0.94352787733078,9.219581586780128,1
87,0,1,1,0.9435655474662781,9.320344654972827,1
88,0,1,1,0.9435333609580994,9.234249628352483,1
89,0,1,1,0.9434139132499695,8.91474141845032,1
90,0,1,1,0.9433401823043823,8.717520033395942,1
91,0,1,1,0.9433525800704956,8.750682562168222,1
92,0,1,1,0.9433499574661255,8.743667411851009,1
93,0,1,1,0.9432021975517273,8.348427465569841,0
94,0,1,1,0.9431328773498535,8.16300428786714,0
95,0,1,1,0.9431443214416504,8.193615852887707,0
96,0,1,1,0.9431294798851013,8.153916479501659,0
97,0,1,1,0.9430691599845886,7.992568022205757,0
98,0,1,1,0.9430274963378906,7.881122793302757,0
99,0,1,1,0.9430326223373413,7.894834223468219,0
100,0,1,1,0.9430253505706787,7.8753831248614015,0
101,0,1,1,0.9430562853813171,7.9581300115576195,0
102,0,1,1,0.9430173635482788,7.854018803440797,0
103,0,1,1,0.9429177045822144,7.587443091386699,0
104,0,1,1,0.9428412318229675,7.382887685546143,0
105,0,1,1,0.942751407623291,7.1426187871815925,0
106,0,1,1,0.942797064781189,7.264746176794894,0
107,0,1,1,0.9428526759147644,7.4134992505667086,0
108,0,1,1,0.9428911209106445,7.516334976807674,0
109,0,1,1,0.9429137110710144,7.5767609306763966,0
110,0,1,1,0.9429396390914917,7.646115257676117,0
111,0,1,1,0.9429806470870972,7.755806698999813,0
112,0,1,1,0.9429833292961121,7.7629812845515085,0
113,0,1,1,0.9429694414138794,7.725832874917176,0
114,0,1,1,0.942959189414978,7.698410014586251,0
115,0,1,1,0.942940354347229,7.648028480489903,0
116,0,1,1,0.9429277181625366,7.614228210779694,0
117,0,1,1,0.9429281949996948,7.615503692655551,0
118,0,1,1,0.9430057406425476,7.822928932716785,0
119,0,1,1,0.9431847333908081,8.301712941866581,0
120,0,1,1,0.9431989192962646,8.339658527673325,0
121,0,1,1,0.9430758357048035,8.010424768467754,0
122,0,1,1,0.9430044889450073,7.81958079279266,0
123,0,1,1,0.9429518580436707,7.678799480744951,0
124,0,1,1,0.942962646484375,7.707657258186214,0
125,0,1,1,0.9430463314056396,7.931504327399106,0
126,0,1,1,0.9431919455528259,8.321004605238917,0
127,0,1,1,0.9432031512260437,8.350978429321556,0
128,0,1,1,0.943048894405365,7.938360042481837,0
129,0,1,1,0.9430322051048279,7.8937181768268445,0
130,0,1,1,0.9430850744247437,8.035137229812483,0
131,0,1,1,0.9431509971618652,8.211472599149703,0
132,0,1,1,0.9431718587875366,8.267274931218445,0
133,0,1,1,0.9431998133659363,8.342050056190557,0
134,0,1,1,0.9432084560394287,8.365168165190465,0
135,0,1,1,0.9431878924369812,8.310163009294135,0
136,0,1,1,0.9431227445602417,8.13590029800518,0
137,0,1,1,0.9430588483810425,7.964985726640351,0
138,0,1,1,0.9430332183837891,7.896428575813041,0
139,0,1,1,0.9430171847343445,7.8535404977373515,0
140,0,1,1,0.9430196285247803,7.860077342351118,0
141,0,1,1,0.942962646484375,7.707657258186214,0
142,0,1,1,0.9429821968078613,7.759952015096348,0
143,0,1,1,0.9430148005485535,7.847163088358067,0
144,0,1,1,0.9429718852043152,7.732369719530943,0
145,0,1,1,0.9429351687431335,7.634157615089959,0
146,0,1,1,0.9429465532302856,7.664609744876043,0
147,0,1,1,0.9430580139160156,7.962753633357601,0
148,0,1,1,0.9431049823760986,8.088388598129509,0
149,0,1,1,0.9431014060974121,8.078822484060582,0
150,0,1,1,0.9430200457572937,7.8611933889924925,0
151,0,1,1,0.9429512023925781,7.677045693165648,0
152,0,1,1,0.942912757396698,7.574209966924682,0
153,0,1,1,0.9427999258041382,7.272399068050035,0
154,0,1,1,0.9427525997161865,7.145807491871235,0
155,0,1,1,0.942811131477356,7.302372892132674,0
156,0,1,1,0.9429022669792175,7.54614936565583,0
157,0,1,1,0.9430381059646606,7.909502265040574,0
158,0,1,1,0.9430454969406128,7.929272234116357,0
159,0,1,1,0.9430434703826904,7.9238514361439645,0
160,0,1,1,0.9429272413253784,7.612952728903837,0
161,0,1,1,0.9428856372833252,7.50166693523532,0
162,0,1,1,0.94279944896698,7.271123586174179,0
163,0,1,1,0.9427322745323181,7.091440076912833,0
164,0,1,1,0.9426932334899902,6.987009998327046,0
165,0,1,1,0.9426839351654053,6.962138101747836,0
166,0,1,1,0.9427134394645691,7.041058542816484,0
167,0,1,1,0.9427506327629089,7.140546129133325,0
168,0,1,1,0.9427530169487,7.14692353851261,0
169,0,1,1,0.9427738189697266,7.202566435346868,0
170,0,1,1,0.94277024269104,7.193000321277942,0
171,0,1,1,0.942783534526825,7.228554378567453,0
172,0,1,1,0.9428795576095581,7.485404541318143,0
173,0,1,1,0.9430024027824402,7.814000559585786,0
174,0,1,1,0.9430553317070007,7.955579047805906,0
175,0,1,1,0.9430681467056274,7.989857623219561,0
176,0,1,1,0.9429837465286255,7.764097331192883,0
177,0,1,1,0.9429415464401245,7.6512171851795445,0
178,0,1,1,0.942889928817749,7.513146272118032,0
179,0,1,1,0.9427968859672546,7.264267871091447,0
180,0,1,1,0.9428418874740601,7.384641473125446,0
181,0,1,1,0.9429375529289246,7.640535024469243,0
182,0,1,1,0.9429942965507507,7.792317367696218,0
183,0,1,1,0.9430454969406128,7.929272234116357,0
184,0,1,1,0.9429779052734375,7.748472678213636,0
185,0,1,1,0.9428374171257019,7.3726838305392866,0
186,0,1,1,0.9428437948226929,7.389743400628873,0
187,0,1,1,0.942877471446991,7.47982430811127,0
188,0,1,1,0.942906379699707,7.557150396835096,0
189,0,1,1,0.9428995847702026,7.538974780104135,0
190,0,1,1,0.9429020285606384,7.545511624717902,0
191,0,1,1,0.9429516196250916,7.678161739807023,0
192,0,1,1,0.9429901838302612,7.781316336516952,0
193,0,1,1,0.943034827709198,7.900733327144057,0
194,0,1,1,0.9430734515190125,8.004047359088469,0
195,0,1,1,0.9430928230285645,8.055863810295158,0
196,0,1,1,0.9430757761001587,8.010265333233273,0
197,0,1,1,0.9430448412895203,7.927518446537054,0
198,0,1,1,0.9430326819419861,7.894993658702702,0
199,0,1,1,0.9430267810821533,7.879209570488972,0
200,0,1,1,0.9429492354393005,7.671784330427738,0
201,0,1,1,0.9428609609603882,7.435660748159723,0
202,0,1,1,0.9427547454833984,7.151547160312591,0
203,0,1,1,0.9426063299179077,6.75455342645212,0
204,0,1,1,0.9425979852676392,6.732232493624624,0
205,0,1,1,0.9427635073661804,7.174984139781462,0
206,0,1,1,0.9429475665092468,7.667320143862239,0
207,0,1,1,0.9430813789367676,8.025252245274592,0
208,0,1,1,0.9430645704269409,7.980291509150634,0
209,0,1,1,0.9430292844772339,7.885905850337221,0
210,0,1,1,0.9429054260253906,7.554599433083382,0
211,0,1,1,0.9428362250328064,7.369495125849644,0
212,0,1,1,0.9428526163101196,7.413339815332226,0
213,0,1,1,0.9428574442863464,7.426254069325278,0
214,0,1,1,0.9428313970565796,7.356580871856593,0
215,0,1,1,0.9428386092185974,7.375872535228929,0
216,0,1,1,0.942851722240448,7.410948286814995,0
217,0,1,1,0.9428620338439941,7.438530582380401,0
218,0,1,1,0.9428577423095703,7.4270512454976885,0
219,0,1,1,0.9428962469100952,7.5300464069731365,0
220,0,1,1,0.9429067969322205,7.558266443476471,0
