frame,label,valid,inference_valid,phase,feature_raw,time_raw,score,alarm,evidence_type
8,0,0,0,0.009757590508153509,0.30502504110336304,nan,3.0320289218418237,0,0
9,0,0,0,0.01252947926523357,0.335696816444397,nan,4.826519962920442,0,0
10,0,0,0,0.01539707203288951,0.34027567505836487,nan,5.0944118821123,0,0
11,1,0,0,0.018603448037258274,0.3483594059944153,nan,5.567360793022767,0,0
12,1,0,0,0.0221108212165129,0.34190329909324646,0.003794441582454329,5.189638086541742,0,0
13,1,0,0,0.02500826467771551,0.3441593647003174,0.0036035773665670638,5.321632060642033,0,0
14,1,0,0,0.0267285139434583,0.3397957384586334,0.002204130279189377,5.066332583834719,0,0
15,1,0,0,0.028381715911385226,0.3430114686489105,0.0010578344725806926,5.254472949132001,0,0
16,1,0,0,0.03003724538572847,0.3493170142173767,0.00033219207078226994,5.623386874260671,0,1
17,1,0,0,0.030659929395589196,0.3579120934009552,0.0011234877571575253,6.126252861664353,0,1
18,1,0,0,0.03139028848316113,0.3656141757965088,0.0018060448490540438,6.576872941617128,0,1
19,1,1,1,0.03247036832057949,0.35821449756622314,0.0018914086465613867,6.1439454001406695,0,1
20,1,1,1,0.0338973964006738,0.3471023142337799,0.0014865436687656487,5.493813048322904,0,0
21,1,1,1,0.03614320662133133,0.3480027914047241,0.000618406158644181,5.5464966050452755,0,0
22,1,1,1,0.03883147860726772,0.348160058259964,0.001111681477656402,5.5556977014816145,0,0
23,1,1,1,0.04086252775232707,0.34057486057281494,0.0012824330916890846,5.1119161093483045,0,0
24,1,1,1,0.042744685277309194,0.3351372480392456,0.001066550758734337,4.793781705067745,0,0
25,1,1,1,0.044560433863897846,0.3374193012714386,0.0006704771261641218,4.927296118071292,0,0
26,1,1,1,0.04635523034560806,0.3549899458885193,0.00036096679723269913,5.955288922555126,0,1
27,1,1,1,0.04844319750700598,0.3232460021972656,0.0005679960240455429,4.098069314981585,0,0
28,1,1,1,0.051641094650266936,0.31761765480041504,0.001870725728636764,3.7687757260899657,0,0
29,1,1,1,0.05431690184744057,0.3187599182128906,0.0023224305825709623,3.835605292929452,0,0
30,1,1,1,0.05762549242445587,0.3207843601703644,0.0031919041637006166,3.9540478322176864,0,0
31,1,1,1,0.06190562975832227,0.31760337948799133,0.004654475977855078,3.7679405308667318,0,0
32,1,1,1,0.06657799908713592,0.31579914689064026,0.005961237243839663,3.6623816189364855,0,0
33,1,1,1,0.07416340732886403,0.31855201721191406,0.009812419376350507,3.8234417817033965,0,2
34,1,1,1,0.07928441911262851,0.319164901971817,0.009971804789759104,3.8592993803794045,0,2
35,1,1,1,0.08030694846738143,0.3147512972354889,0.005917234229727374,3.601075848479474,0,0
36,1,1,1,0.08036666873569791,0.3164975941181183,0.003014697421732564,3.703245158084111,0,0
37,1,1,1,0.08054980205123068,0.3181886672973633,0.0022250410330871702,3.802183535019327,0,0
38,1,1,1,0.08067608720925239,0.31954067945480347,0.0036953545556571306,3.8812847176857885,0,0
39,1,1,1,0.08094997272165276,0.32197147607803345,0.003769386067412715,4.023501551063367,0,0
40,1,1,1,0.08144646242461233,0.3216917812824249,0.003433652428020977,4.007137653004805,0,0
41,1,1,1,0.08198257115176137,0.3162090480327606,0.0031674921231005394,3.6863634041146915,0,0
42,1,1,1,0.08258648052627846,0.32155919075012207,0.002921775023716171,3.9993802760775226,0,0
43,1,1,1,0.08330906971220944,0.32155582308769226,0.0026767841670416338,3.999183246724234,0,0
44,1,1,1,0.084074440673929,0.3235432803630829,0.0025011874529612555,4.11546195037148,0,0
45,1,1,1,0.08499330206642992,0.3268778622150421,0.002239320622789519,4.3105558825795285,0,0
46,1,1,1,0.08594839563155028,0.33111992478370667,0.002036909786336293,4.558743122819887,0,0
47,1,1,1,0.08693267715733323,0.33516404032707214,0.0018931070368712766,4.79534922178108,0,0
48,1,1,1,0.08799385839539586,0.3353869915008545,0.0017378276600896348,4.808393262417852,0,0
49,1,1,1,0.09091988165140291,0.3343636691570282,0.0007015834055827237,4.748522493356919,0,0
50,1,1,1,0.09435739500773141,0.32915955781936646,0.002164209625635972,4.44404937211193,0,0
51,1,1,1,0.09746946625076759,0.327606201171875,0.0031740310246268625,4.353168275190419,0,0
52,1,1,1,0.10046299474915418,0.33039405941963196,0.003533362249654877,4.516275450884422,0,0
53,1,1,1,0.10358946313316326,0.333833783864975,0.0035425465452243858,4.717520883609318,0,0
54,1,1,1,0.1064505017563839,0.3284582495689392,0.0032361897980049247,4.403018445195139,0,0
55,1,1,1,0.10873566210151209,0.3313986361026764,0.002498073455969958,4.575049481332798,0,0
56,1,1,1,0.11034215302064923,0.33132532238960266,0.001333666387487391,4.570760169747922,0,0
57,1,1,1,0.11220634179485724,0.3339656889438629,0.000682414618755246,4.7252381572169035,0,0
58,1,1,1,0.11439521501804654,0.33325523138046265,0.0007170681765210474,4.6836719381633,0,0
59,1,1,1,0.11623154845405824,0.33194851875305176,0.0005672232971170988,4.607221061841966,0,0
60,1,1,1,0.11760654403317636,0.3364037275314331,0.0003217742948796613,4.867878690885184,0,0
61,1,1,1,0.1186809060058508,0.33181387186050415,0.0006734884923586692,4.599343374955596,0,0
62,1,1,1,0.11979719769525976,0.33245986700057983,0.0011758378556980965,4.63713813833518,0,0
63,1,1,1,0.12153520570579085,0.334250807762146,0.0008084330851008639,4.7419193945878435,0,0
64,1,1,1,0.1228142030943,0.33318597078323364,0.0008352424388943113,4.679619759251409,0,0
65,1,1,1,0.12468498004394842,0.32852861285209656,0.0003528722947160292,4.4071351381430635,0,0
66,1,1,1,0.12624660577724423,0.31462088227272034,0.00022418150295755825,3.5934457560016617,0,0
67,1,1,1,0.12832587989399752,0.31630799174308777,0.0002613977099383348,3.6921522311316792,0,0
68,1,1,1,0.1300697137761664,0.31854796409606934,0.00030731440061899766,3.8232046490304117,0,0
69,1,1,1,0.13125825654838424,0.317348450422287,0.0003180204976297884,3.753025583185012,0,0
70,1,1,1,0.13245915030882696,0.3173276484012604,0.0007604458632960042,3.7518085346133683,0,0
71,1,1,1,0.13366086878422195,0.3163399398326874,0.0011118635207967176,3.6940213945540314,0,0
72,1,1,1,0.13531108584732784,0.3151877522468567,0.0007953936802469352,3.626611201390251,0,0
73,1,1,1,0.1365563354845536,0.31678909063339233,0.0008604870608115311,3.7202995306904825,0,0
74,1,1,1,0.137467871490782,0.3154672384262085,0.0012734707886254849,3.6429628940906453,0,0
75,1,1,1,0.13865619626975487,0.322688490152359,0.0013373263051413443,4.0654513670879755,0,0
76,1,1,1,0.14000633393760034,0.3241153657436371,0.0012360205086791188,4.148932529714278,0,0
77,1,1,1,0.14133767385961044,0.3255109190940857,0.0010784926092371628,4.230581144992733,0,0
78,1,1,1,0.14224958806204394,0.322912335395813,0.0013619130005678593,4.078547716402612,0,0
79,1,1,1,0.14297101629454884,0.3272644579410553,0.0018359139108784384,4.333174154888071,0,0
80,1,1,1,0.14390333100524125,0.32803454995155334,0.0019823042063844987,4.378229362755226,0,0
81,1,1,1,0.14442289926322713,0.3219258189201355,0.0024369852153088446,4.020830321247095,0,0
82,1,1,1,0.1453381899376444,0.31635165214538574,0.0022930008917957535,3.6947066382340545,0,0
83,1,1,1,0.14594135364181274,0.3235304653644562,0.002461987656527541,4.114712192655424,0,0
84,1,1,1,0.14685080680963317,0.3174913227558136,0.002295118825523095,3.761384509907734,0,0
85,1,1,1,0.14772884671697845,0.31972450017929077,0.0021539478692757952,3.8920393818546977,0,0
86,1,1,1,0.14852192761082003,0.31869420409202576,0.0021873538388720738,3.831760605106423,0,0
87,1,1,1,0.14941621918851897,0.3196362555027008,0.00208899667946698,3.8868765153494866,0,0
88,1,1,1,0.15001913416466414,0.3297567665576935,0.0023547980899984045,4.478989825302717,0,0
89,1,1,1,0.1507875394339578,0.32469263672828674,0.002378474659462464,4.18270649938869,0,0
90,1,1,1,0.15134431220536104,0.32975202798843384,0.0025863750673040965,4.478712589310036,0,0
91,1,1,1,0.15216345460837585,0.3253566324710846,0.0024728288129245036,4.221554410815942,0,0
92,1,1,1,0.1526461119492518,0.32915404438972473,0.002676980327012789,4.443726801931767,0,0
93,1,1,1,0.15368001660993924,0.3352239429950714,0.0022998201124722773,4.798853903197991,0,0
94,1,1,1,0.1543385988220781,0.33388397097587585,0.0023643571943287468,4.720457144060103,0,0
95,1,1,1,0.15545934329152764,0.33259162306785583,0.001992184379058475,4.6448466938297885,0,0
96,1,1,1,0.15653033174475897,0.3306204676628113,0.0017451680966151118,4.529521751742269,0,0
97,1,1,1,0.15762259405824144,0.3306609094142914,0.0016239607320094208,4.531887847604333,0,0
98,1,1,1,0.15850672919501715,0.32876211404800415,0.0017254699573092547,4.420796421178634,0,0
99,1,1,1,0.15972626068188647,0.32818374037742615,0.0015479710636747013,4.38695793746819,0,0
100,1,1,1,0.16051449315361135,0.3247493505477905,0.0018264679395395157,4.186024613187885,0,0
101,1,1,1,0.1616108881660765,0.3271072506904602,0.0017261132792874712,4.323976545696924,0,0
102,1,1,1,0.1644798923770823,0.328926146030426,0.0007246950085738731,4.430393319944146,0,0
103,1,1,1,0.16759256433359426,0.3233581781387329,0.0017651985657552562,4.104632310430965,0,0
104,1,1,1,0.17164393690955196,0.3289785087108612,0.00384999522878597,4.433456864844401,0,0
105,1,1,1,0.17655217219002545,0.31916651129722595,0.005975869570274279,3.85939353599956,0,0
106,1,1,1,0.18148044334784919,0.32150137424468994,0.007168819722110848,3.995997648242295,0,0
107,1,1,1,0.18608492038060498,0.3253879249095917,0.007523159012174914,4.223385214541195,0,0
108,1,1,1,0.1906370486135353,0.3251546621322632,0.007452198233352565,4.209737880486387,0,0
109,1,1,1,0.1953722198307043,0.32183900475502014,0.007439091524525694,4.0157511486264665,0,0
110,1,1,1,0.19893171161297568,0.32903817296028137,0.006293571396627352,4.4369475972805485,0,0
111,1,1,1,0.2009814367982016,0.331327885389328,0.003980479515571662,4.570910121291134,0,0
112,1,1,1,0.20328122877698965,0.33568689227104187,0.0025561423899605595,4.825939336596148,0,0
113,1,1,1,0.2048999973709388,0.3311316967010498,0.0010533780807065228,4.559431853745101,0,0
114,1,1,1,0.2061122172632168,0.33464425802230835,0.0003692265649178232,4.764938700093346,0,0
115,1,1,1,0.20706502373558605,0.33746960759162903,0.0009981784899255487,4.9302393530124595,0,0
116,1,1,1,0.20855245070279635,0.3358994722366333,0.0010316482570613562,4.838376596569694,0,0
117,1,1,1,0.20907375574017673,0.3349076509475708,0.0018281487011326415,4.780348836592181,0,0
118,1,1,1,0.20952248299473633,0.3287854790687561,0.0024228610388825223,4.422163421293489,0,0
119,1,1,1,0.2100462817396328,0.32822003960609436,0.00275162872686595,4.3890816697894826,0,0
120,1,1,1,0.21056360442998182,0.32162830233573914,0.0029796205375286367,4.003423736876437,0,0
121,1,1,1,0.2110123024343173,0.3197786509990692,0.0030337109649895156,3.8952075441106815,0,0
122,1,1,1,0.21175713942402483,0.3248324692249298,0.002773510648817078,4.1908875766066735,0,0
123,1,1,1,0.2125596637547404,0.3235401213169098,0.0025296504254236785,4.115277126376359,0,0
124,1,1,1,0.21380593964017602,0.3261338770389557,0.0019117200437649019,4.267028088106013,0,0
125,1,1,1,0.21452257094148489,0.3287183344364166,0.0020056725450045988,4.418235039585877,0,0
126,1,1,1,0.21532616793414439,0.33200573921203613,0.002079642679137005,4.610568817225284,0,0
127,1,1,1,0.21566382315620156,0.328513503074646,0.0026342445846097174,4.406251121487156,0,0
128,1,1,1,0.21616647870691288,0.330260694026947,0.002907628884263729,4.508472739769657,0,0
129,1,1,1,0.21703749556049504,0.3304910957813263,0.0026267467973657855,4.5219526860552985,0,0
130,1,1,1,0.2181900938273966,0.3263731300830841,0.0021028796852167065,4.281025890302511,0,0
131,1,1,1,0.21914440130898577,0.3294576108455658,0.0018645536769406213,4.461487341689308,0,0
132,1,1,1,0.22025576010222284,0.32951539754867554,0.0016233394218996156,4.46486822590194,0,0
133,1,1,1,0.22108686172784373,0.33226287364959717,0.001814558145106242,4.625612792979069,0,0
134,1,1,1,0.2226972534333108,0.333724707365036,0.001216507981476338,4.711139224909868,0,0
135,1,1,1,0.22389505161548112,0.3331525921821594,0.0011454997007845236,4.677666901944474,0,0
136,1,1,1,0.2250227353491616,0.3355380594730377,0.0012054785437278937,4.81723168535433,0,0
137,1,1,1,0.22618300504455083,0.3374268114566803,0.0012369526600733306,4.927735510965353,0,0
138,1,1,1,0.2273996327012304,0.33356499671936035,0.0012943608325705503,4.701795151420701,0,0
139,1,1,1,0.22876069261962184,0.32972684502601624,0.0011088957311590087,4.477239228216857,0,0
140,1,1,1,0.22973757011175808,0.3332512378692627,0.0013484284900579391,4.683438292735507,0,0
141,1,1,1,0.230799538151554,0.33502572774887085,0.0014651691409112034,4.787257069315466,0,0
142,1,1,1,0.23268070391580953,0.33537378907203674,0.0008298231008992365,4.807620837608055,0,0
143,1,1,1,0.2343496872422586,0.33692020177841187,0.00046670280668451405,4.89809567046482,0,0
144,1,1,1,0.2360677583585054,0.3328631520271301,0.0001661585930736927,4.66073283929719,0,0
145,1,1,1,0.23770085132605143,0.3343937397003174,7.312361286414867e-05,4.750281808555757,0,0
146,1,1,1,0.23957640042838607,0.3349418342113495,0.00013216804455497115,4.782348771709195,0,0
147,1,1,1,0.24128248900567273,0.33272549510002136,0.00011433249369745106,4.652679046528677,0,0
148,1,1,1,0.2430728799967155,0.328386127948761,0.0001715230438867466,4.398798878514082,0,0
149,1,1,1,0.24535017072603213,0.3311755359172821,0.0006975333636508163,4.561996722583049,0,0
150,1,1,1,0.24757389626303156,0.32390207052230835,0.0010089290506550674,4.136453422798441,0,0
151,1,1,1,0.24974192390026922,0.32554158568382263,0.0011775827292313922,4.23237533264348,0,0
152,1,1,1,0.2518883876786268,0.3220297694206238,0.0012091877839398423,4.026912076860123,0,0
153,1,1,1,0.2538144126106695,0.3230609893798828,0.0009313357955047075,4.087244905908857,0,0
154,1,1,1,0.2550100375597102,0.3293555676937103,0.00039895216222894864,4.45551717792239,0,0
155,1,1,1,0.25653356426672913,0.32676756381988525,0.0003248427884547021,4.3041027353536645,0,0
156,1,1,1,0.2581382831345177,0.3229661285877228,0.00041779956759106947,4.081694955187451,0,0
157,1,1,1,0.25961137018796604,0.324524849653244,0.0005071863781154917,4.172889904176148,0,0
158,1,1,1,0.26078590933894225,0.32646679878234863,0.0007818866214633779,4.286506096120099,0,0
159,1,1,1,0.2624436985711462,0.32890620827674866,0.0005680653340674901,4.429226836427771,0,0
160,1,1,1,0.2637371924227754,0.3333054184913635,0.0007521050585425503,4.686608198614086,0,0
161,1,1,1,0.26489427280702765,0.33402019739151,0.000994751996354697,4.728427242944034,0,0
162,1,1,1,0.2660453505304539,0.3300020694732666,0.0011643999276938367,4.493341582886098,0,0
163,1,1,1,0.26738190913655296,0.3316399157047272,0.0011427016194726792,4.58916584986579,0,0
164,1,1,1,0.2688235610642889,0.33752211928367615,0.0009356023330884688,4.9333116160256925,0,0
165,1,1,1,0.2703446602847161,0.3328285813331604,0.0006860952730396319,4.658710237086435,0,0
166,1,1,1,0.2713804704359958,0.3326972424983978,0.001012881991182062,4.651026092308164,0,0
167,1,1,1,0.2727574722814903,0.3358983099460602,0.0009696601220730449,4.838308595288471,0,0
168,1,1,1,0.27419645244671725,0.33810850977897644,0.0008745707430803817,4.96761913421432,0,0
169,1,1,1,0.27570720262216525,0.3347598612308502,0.0007070434132394765,4.771702212141205,0,0
170,1,1,1,0.27813204360252014,0.33005839586257935,0.00039696113803081815,4.496637029591551,0,0
171,1,1,1,0.2800572138963996,0.32906755805015564,0.0006144389850014765,4.43866680915969,0,0
172,1,1,1,0.2820080512448462,0.3324654996395111,0.0007403409297207631,4.637467683005725,0,0
173,1,1,1,0.2836923582517812,0.337319016456604,0.0004784911682910218,4.9214288280375085,0,0
174,1,1,1,0.2853088512510805,0.3343783915042877,0.00017999513015694508,4.7493838429190856,0,0
175,1,1,1,0.28702135906204174,0.3340906500816345,8.358608728681338e-05,4.7325491667597435,0,0
176,1,1,1,0.2889248073311062,0.3359414041042328,0.00017267020549392557,4.840829873561532,0,0
177,1,1,1,0.2909186490324352,0.3354189097881317,0.00043732288525792477,4.810260682217609,0,0
178,1,1,1,0.29217873508771725,0.3373536765575409,0.00018051864333486418,4.92345666111605,0,0
179,1,1,1,0.2934788000209633,0.33204999566078186,0.0005265697805366553,4.613158096779569,0,0
180,1,1,1,0.29443655586836737,0.33369529247283936,0.0011831741728630264,4.709418269408131,0,0
181,1,1,1,0.29435612644048476,0.3360697031021118,0.0026415407350609005,4.848336168835065,0,0
182,1,1,1,0.29453203501179664,0.3342612087726593,0.0033250015157613873,4.742527918873665,0,0
183,1,1,1,0.2940924623215046,0.3297446072101593,0.0043528991870732964,4.478278427283762,0,0
184,1,1,1,0.29463484312333177,0.3314773738384247,0.003963933960381432,4.579656132230052,0,0
185,1,1,1,0.29428596233670246,0.3298775255680084,0.004362386560751873,4.486054984059595,0,0
186,1,1,1,0.2948266484260897,0.32568904757499695,0.0038041594454190516,4.241002777245906,0,0
187,1,1,1,0.2951692824446701,0.32802265882492065,0.0035351787804119173,4.37753365733963,0,0
188,1,1,1,0.2962933769107954,0.3271990716457367,0.002680289345078012,4.3293486469135924,0,0
189,1,1,1,0.2981890222528776,0.32825779914855957,0.0012982036862678415,4.3912908396179535,0,0
190,1,1,1,0.2997492084645288,0.32989463210105896,0.0006449791248510399,4.487055823429399,0,0
191,1,1,1,0.3023636253131975,0.3280068039894104,0.0007689206218046541,4.376606050118836,0,0
192,1,1,1,0.30424383827382395,0.32605957984924316,0.0008505478652992682,4.262681236975485,0,0
193,1,1,1,0.30660394656176876,0.32741937041282654,0.001223040812486904,4.342237505139367,0,0
194,1,1,1,0.3101910604779954,0.3261522650718689,0.0027064236514907757,4.268103903247423,0,0
195,1,1,1,0.31406736444940175,0.3322703242301941,0.00397226461953047,4.6260486986279385,0,0
196,1,1,1,0.3178650766066346,0.3352482318878174,0.004844041992712279,4.800274955613306,0,0
197,1,1,1,0.32057915219803773,0.33131328225135803,0.004152808000912734,4.570055746219349,0,0
198,1,1,1,0.32233021226817715,0.3282329738140106,0.002410066661984912,4.38983840199592,0,0
199,1,1,1,0.3241823413064373,0.324202299118042,0.001227407752699623,4.154018676825288,0,0
200,1,1,1,0.3259805573072152,0.3246809244155884,0.0004968795392186321,4.1820212557086665,0,0
201,1,1,1,0.32804976774351524,0.32580915093421936,0.0005372198003735352,4.248029576305683,0,0
202,1,1,1,0.3301953231869858,0.3316599130630493,0.0008151213574747307,4.590335820627356,0,0
203,1,1,1,0.33259828959547844,0.3332808315753937,0.0012518100362651618,4.685169709972816,0,0
204,1,1,1,0.33426011113016507,0.3346051275730133,0.0008276301659831717,4.7626493236254825,0,0
205,1,1,1,0.3365937952802218,0.3378807604312897,0.001073440193010795,4.954294370339676,0,0
206,1,1,1,0.3390555572643034,0.3331020474433899,0.0013991952929158068,4.674709718022543,0,0
207,1,1,1,0.341361513866366,0.33321094512939453,0.0014900933756488832,4.68108091498642,0,0
208,1,1,1,0.34364709022405404,0.32964158058166504,0.0015848636656150949,4.472250723971194,0,0
209,1,1,1,0.3446329312836393,0.3340340256690979,0.0006420200172037475,4.729236283828335,0,0
210,1,1,1,0.3453927982958513,0.33406803011894226,0.001025957036914259,4.731225757209776,0,0
211,1,1,1,0.34635561119744007,0.3357137143611908,0.001647454393212443,4.827508596932079,0,0
212,1,1,1,0.3470870133313718,0.3330785036087036,0.0021645765920492045,4.673332256172115,0,0
213,1,1,1,0.34822881063269695,0.33388426899909973,0.0018827600675535728,4.720474580286058,0,0
214,1,1,1,0.3491863972313511,0.33006370067596436,0.0018241433061638324,4.496947394413547,0,0
215,1,1,1,0.3502688057957733,0.3322649896144867,0.0016901344756165438,4.625736590183348,0,0
216,1,1,1,0.3511332039646172,0.3307744264602661,0.0018040349563559367,4.538529306070509,0,0
217,1,1,1,0.352113220171059,0.3293123245239258,0.0018355664082255075,4.4529871815363515,0,0
218,1,1,1,0.35345948803009325,0.323203444480896,0.0014604009337817626,4.095579421915243,0,0
219,1,1,1,0.3545091028281974,0.32546621561050415,0.0014790588353631607,4.2279657110995155,0,0
220,1,1,1,0.3560297698963256,0.32982102036476135,0.0010184660253409628,4.482749075618568,0,0
221,1,1,1,0.3572643013205706,0.3326750695705414,0.0010080760840231063,4.649728837097127,0,0
222,1,1,1,0.358471473849514,0.3301166892051697,0.0010886738424576037,4.500047555388306,0,0
223,1,1,1,0.3598788291616251,0.325590580701828,0.0009343149852016496,4.235241848190446,0,0
224,1,1,1,0.36145099866573455,0.3272993266582489,0.0007045770644491678,4.335214193324781,0,0
225,1,1,1,0.36267042124468013,0.328576922416687,0.0008404616778558016,4.409961550370333,0,0
226,1,1,1,0.36398991188382285,0.328152060508728,0.0008725010197404725,4.385104466649197,0,0
227,1,1,1,0.3658776314040776,0.32948336005210876,0.00045935433355534093,4.462993831611801,0,0
228,1,1,1,0.368491083051802,0.3289778530597687,0.0007493600790483679,4.4334185051473005,0,0
229,1,1,1,0.37119431592417723,0.328948974609375,0.001692571854906717,4.431728934852282,0,0
230,1,1,1,0.37499966162529574,0.3328723609447479,0.003366943886150954,4.6612716186791925,0,0
231,1,1,1,0.37858345739003224,0.3254051208496094,0.004198302215519213,4.224391284778785,0,0
232,1,1,1,0.38201201706625726,0.3227894604206085,0.004450405395255609,4.071358760441456,0,0
233,1,1,1,0.38523233602046325,0.3189281225204468,0.004290490845847745,3.8454462988583304,0,0
234,1,1,1,0.38759597398952655,0.317124605178833,0.00314462379083953,3.7399292338703756,0,0
235,1,1,1,0.39101259012612977,0.31637030839920044,0.003412161836385054,3.695798145978824,0,0
236,1,1,1,0.39331667513475926,0.3151637017726898,0.0026089636609901833,3.6252040979557005,0,0
237,1,1,1,0.3959134115218131,0.31732895970344543,0.002379535530918504,3.7518852540075693,0,0
238,1,1,1,0.3981436715760712,0.3207375705242157,0.001939526709839141,3.9513103447427858,0,0
239,1,1,1,0.400488304986083,0.32128044962882996,0.0016472357232148304,3.983072173942016,0,0
240,1,1,1,0.4032332288190475,0.3191171884536743,0.002023230841190977,3.856507840604044,0,0
241,1,1,1,0.4055348744404234,0.31837669014930725,0.0018457380414948332,3.8131840499741987,0,0
242,1,1,1,0.40765414179915427,0.3175833225250244,0.0015596396705731107,3.766767072859975,0,0
243,1,1,1,0.40865619825891525,0.31815245747566223,0.0006690777393418161,3.8000650335658213,0,0
244,1,1,1,0.40951053719564745,0.32542693614959717,0.0010035558069125417,4.225667616518676,0,0
245,1,1,1,0.41008898949477524,0.3197420835494995,0.0019944306019347314,3.8930681191860295,0,0
246,1,1,1,0.41054996886377026,0.31761541962623596,0.0026719799965276726,3.768644954395305,0,0
247,1,1,1,0.41119005782135903,0.32041293382644653,0.002755847805092875,3.9323170638102427,0,0
248,1,1,1,0.41221620162629236,0.3260551393032074,0.0023631688907705273,4.26242143720876,0,0
249,1,1,1,0.4128047823227734,0.3230282664299011,0.002451004301950681,4.085330408299022,0,0
250,1,1,1,0.4138373479114371,0.320146769285202,0.002097386920286536,3.9167447704100273,0,0
251,1,1,1,0.4145816635647357,0.32169145345687866,0.0021749160289046433,4.007118473156255,0,0
252,1,1,1,0.41557383514239715,0.321101576089859,0.0020306458870873612,3.972606951123956,0,0
253,1,1,1,0.4164743522809144,0.317330002784729,0.0019695371275963037,3.751946280798411,0,0
254,1,1,1,0.41774095752479107,0.31529662013053894,0.0016203243732548934,3.632980654731533,0,0
255,1,1,1,0.41931550786705984,0.3149878978729248,0.0010216764343246188,3.6149184682649746,0,0
256,1,1,1,0.42027321102914983,0.3158259689807892,0.0012474343478156725,3.6639508792724156,0,0
257,1,1,1,0.4220486031091414,0.3163912892341614,0.0006856858448730754,3.6970256562860406,0,0
258,1,1,1,0.4232592463606452,0.3175484240055084,0.0008298056950651766,3.76472529080067,0,0
259,1,1,1,0.42454765785477466,0.3095417320728302,0.000920966409899292,3.296283644299513,0,0
260,1,1,1,0.4263130867242186,0.3153393864631653,0.0004973930374710624,3.635482753156044,0,0
261,1,1,1,0.42844893516803084,0.3204076588153839,0.0003577241917562059,3.932008442610843,0,0
262,1,1,1,0.4308917210526432,0.32315391302108765,0.0010050073525510028,4.092681521161558,0,0
263,1,1,1,0.4328849430651862,0.32202449440956116,0.0010901106920945102,4.026603455660723,0,0
264,1,1,1,0.434394007217813,0.3253984749317169,0.0006092179004400553,4.224002456939994,0,0
265,1,1,1,0.4369126923735774,0.32216864824295044,0.001013308574484213,4.0350373581550505,0,0
266,1,1,1,0.4390953853197313,0.3205588161945343,0.001080062219251483,3.940852096415108,0,0
267,1,1,1,0.441204726004649,0.3240601420402527,0.0011384868373971856,4.145701597044857,0,0
268,1,1,1,0.4441843384392999,0.3286723792552948,0.0020381535371823255,4.415546373543649,0,0
269,1,1,1,0.44622124476894176,0.331658273935318,0.001627477061452538,4.590239921384605,0,0
270,1,1,1,0.4483688468598584,0.33594000339508057,0.0014479410535280079,4.840747923299544,0,0
271,1,1,1,0.44960259244641004,0.34075093269348145,0.0006024639269428693,5.122217431642389,0,0
272,1,1,1,0.45099048978236966,0.34377309679985046,0.00035573795242773473,5.299032968182041,0,0
273,1,1,1,0.4525725987902537,0.34383872151374817,0.0004676768473161774,5.302872425137283,0,0
274,1,1,1,0.4537093452118693,0.3413545787334442,0.0009187689310285063,5.157534507313799,0,0
275,1,1,1,0.4546951661369767,0.3391464352607727,0.0012680725939238236,5.028344278347038,0,0
276,1,1,1,0.45542487725067693,0.3316420912742615,0.0018115049028652897,4.58929313431526,0,0
277,1,1,1,0.4565325720329798,0.3249107897281647,0.001812406987639197,4.19546981678759,0,0
278,1,1,1,0.4568786630536361,0.32117632031440735,0.0024563092776644247,3.976979956593415,0,0
279,1,1,1,0.45722505647692324,0.3265632390975952,0.0029022453148190176,4.292148458839066,0,0
280,1,1,1,0.4583639610769531,0.3255777060985565,0.0023958132997757998,4.2344886032292,0,0
281,1,1,1,0.45895805037838827,0.32538852095603943,0.002536494954909667,4.223420086993104,0,0
282,1,1,1,0.45928531152057583,0.31687822937965393,0.002815603399074206,3.725514705873558,0,0
283,1,1,1,0.45971131830168543,0.31931811571121216,0.0029912587346995635,3.8682633441427576,0,0
284,1,1,1,0.46004878057725135,0.3182268440723419,0.0032753619153241694,3.8044171155641346,0,0
285,1,1,1,0.46104928204638135,0.32188284397125244,0.002696065321268747,4.018316017464415,0,0
286,1,1,1,0.4613892565277217,0.3214244246482849,0.002878898756926639,3.9914956147007707,0,0
287,1,1,1,0.46272805606047,0.3134973645210266,0.0020660854759648063,3.527712927774731,0,0
288,1,1,1,0.46349915075509174,0.31055542826652527,0.0020491752210392167,3.3555912232621066,0,0
289,1,1,1,0.46381841144576186,0.30966517329216003,0.00259250707482918,3.303505729089984,0,0
290,1,1,1,0.4641581962587319,0.3157874643802643,0.0029450046117042872,3.661698118879058,0,0
291,1,1,1,0.4645733924104823,0.3116214871406555,0.003222043392706418,3.417962347124955,0,0
292,1,1,1,0.46481092028597815,0.3142412304878235,0.003445849604713684,3.5712337477578657,0,0
293,1,1,1,0.4648955072405134,0.31975752115249634,0.0036892050329000877,3.893971315690487,0,0
294,1,1,1,0.4650552024367654,0.3203471302986145,0.003798783785335867,3.9284671451194266,0,0
295,1,1,1,0.46946492201984463,0.3181629776954651,0.0015561936240653502,3.800680532342025,0,0
296,1,1,1,0.4738758382379741,0.31882667541503906,0.0035747180690238038,3.839511007543323,0,0
297,1,1,1,0.4793318614041502,0.31470611691474915,0.006764511747200953,3.598432516624729,0,0
298,1,1,1,0.48610655488857396,0.316729336977005,0.009930116690715514,3.716803567386549,0,2
299,1,1,1,0.49375376445779634,0.316937655210495,0.012314488146985754,3.728991489328941,0,2
300,1,1,1,0.5015706781713509,0.32999905943870544,0.01405919125105244,4.493165477003955,0,2
301,1,1,1,0.5072739677291457,0.3424638509750366,0.012838770825502928,5.222433883940091,0,2
302,1,1,1,0.5114534426234658,0.3800990581512451,0.010032719138574243,7.424329318942559,0,3
303,1,1,1,0.5141404456743712,0.38466060161590576,0.006383000255756678,7.6912081934064425,0,1
304,1,1,1,0.5159145362935775,0.3762401342391968,0.0030604205708192455,7.198558090789668,1,1
305,1,1,1,0.517324661255316,0.3833887279033661,0.0011341000345643664,7.616795611899223,1,1
306,1,1,1,0.51891115214376,0.3718849718570709,0.0003748705127046757,6.94375380279947,1,1
307,1,1,1,0.5203409110694749,0.36629703640937805,0.0004762699454561747,6.616824566147319,1,1
308,1,1,1,0.5212725169464276,0.3595838248729706,0.0010947804172793552,6.2240596275351034,1,1
309,1,1,1,0.5222348327201052,0.3527810275554657,0.0014719598068143203,5.826053359400881,1,1
310,1,1,1,0.523147089880529,0.3581327795982361,0.0017872455125877585,6.139164386983868,1,1
311,1,1,1,0.5239098829587167,0.3613033890724182,0.002083436868592402,6.324664907671597,1,1
312,1,1,1,0.5248862759949935,0.36182403564453125,0.0019992868046260093,6.3551259944146,1,1
313,1,1,1,0.5263990641213008,0.3498776853084564,0.0013899384404601912,5.656189646149401,1,1
314,1,1,1,0.5285420782947489,0.3388555347919464,0.0006407010500078088,5.011324778192575,0,0
315,0,1,1,0.5320482946738772,0.29424580931663513,0.0018694871582623353,2.40137632166074,0,0
316,0,1,1,0.5367396411461255,0.27897441387176514,0.004526230701720547,1.5079040004180453,0,0
317,0,1,1,0.5396237497542746,0.2792021930217743,0.0044469980220866855,1.5212305079152848,0,0
318,0,1,1,0.5422417551567109,0.28106966614723206,0.0037588320162795074,1.6304893869931358,0,0
319,0,1,1,0.5451523277030672,0.27940288186073303,0.0032444853471452883,1.5329720624732346,0,0
320,0,1,1,0.5485863754512806,0.280143141746521,0.0034025248380612065,1.576281904122316,0,0
321,0,1,1,0.5515163868403428,0.2836693525314331,0.0033708526508345452,1.7825873296192896,0,0
322,0,1,1,0.5536080956516801,0.28779658675193787,0.002489402190654867,2.0240563919992707,0,0
323,0,1,1,0.5555530262028545,0.28968262672424316,0.0015927476180869603,2.1344015479541047,0,0
324,0,1,1,0.5564287475790646,0.2825601398944855,0.0006573059560018778,1.7176914402381886,0,0
325,0,1,1,0.5568336661072024,0.28383299708366394,0.0016873801344579487,1.79216156129106,0,0
326,0,1,1,0.5572182494996618,0.28564783930778503,0.00263211655871347,1.8983412028652968,0,0
327,0,1,1,0.557841547880259,0.2898435890674591,0.002911356640111733,2.143818853592282,0,0
328,0,1,1,0.5586047084453081,0.2882378101348877,0.002720326494413743,2.0498707245253245,0,0
329,0,1,1,0.5596130297228292,0.28579580783843994,0.002255995433453466,1.9069982890518458,0,0
330,0,1,1,0.560151638938162,0.28644120693206787,0.002412227122027393,1.9447581799795204,0,0
331,0,1,1,0.5607012319663234,0.28278258442878723,0.002595981453491063,1.7307058392908374,0,0
332,0,1,1,0.5607807536426557,0.2876228988170624,0.0032313807986748696,2.013894559512824,0,0
333,0,1,1,0.5611484052562938,0.2844565212726593,0.0034077404843736044,1.8286416332336537,0,0
334,0,1,1,0.5620797574185272,0.2836020886898041,0.002860232205506368,1.7786519734212953,0,0
335,0,1,1,0.5630843704070246,0.26967424154281616,0.0023376488371002636,0.9637856460279461,0,0
336,0,1,1,0.5651977322382835,0.2648676037788391,0.0010278560970111662,0.6825672193388499,0,0
337,0,1,1,0.5669750593329791,0.2658337950706482,0.00043430787664817743,0.7390954638842512,0,0
338,0,1,1,0.569058865192064,0.27181604504585266,0.00048015316968545556,1.0890945710971736,0,0
339,0,1,1,0.5705799470503986,0.27316179871559143,0.0003448135901035807,1.1678295930185845,0,0
340,0,1,1,0.5728327476790489,0.27249667048454285,0.0006353645524427421,1.1289154239327033,0,0
341,0,1,1,0.5748047575836258,0.26895660161972046,0.0006986205968283044,0.9217992139288326,0,0
342,0,1,1,0.5770401649839211,0.2703821361064911,0.0009766034344618878,1.0052019135383383,0,0
343,0,1,1,0.5799060238078415,0.27170586585998535,0.0018471373104180355,1.082648398361691,0,0
344,0,1,1,0.5827780892206809,0.26942864060401917,0.002387683533896663,0.9494164522186108,0,0
345,0,1,1,0.584682993712236,0.2682347893714905,0.0018062526400437883,0.879568674666352,0,0
346,0,1,1,0.5871675592806918,0.26748788356781006,0.0018212591763470242,0.8358700051784789,0,0
347,0,1,1,0.5887812209311392,0.26900601387023926,0.0009451378620130333,0.9246901401921352,0,0
348,0,1,1,0.5910120371423314,0.2664690613746643,0.000915089182969604,0.7762625231294632,0,0
349,0,1,1,0.5928189661936369,0.26139774918556213,0.0006635312538624938,0.4795589841699256,0,0
350,0,1,1,0.5941036047990476,0.2674656808376312,0.00027276291176441187,0.8345710063448477,0,0
351,0,1,1,0.5950040659235554,0.2692042887210846,0.0009193735161582716,0.9362904613198514,0,0
352,0,1,1,0.595186457027832,0.2665916979312897,0.0022926936599856774,0.7834375301098557,0,0
353,0,1,1,0.5967072398808984,0.26464182138442993,0.0018155157782944898,0.6693575345555075,0,0
354,0,1,1,0.5981160349306427,0.2624260187149048,0.0013787891503655048,0.5397191945817078,0,0
355,0,1,1,0.5995905418421139,0.2681739330291748,0.0009073897717930701,0.8760081973263857,0,0
356,0,1,1,0.6008300942619047,0.26575276255607605,0.0008144563316419151,0.7343545540471461,0,0
357,0,1,1,0.6020265425360051,0.25831225514411926,0.0010289173660597162,0.29903824961488285,0,0
358,0,1,1,0.6035118658399271,0.26226094365119934,0.0008734197259143583,0.5300612690253544,0,0
359,0,1,1,0.6043094129841496,0.2622225880622864,0.00142483030901293,0.527817226744974,0,0
360,0,1,1,0.6052420642140757,0.26613104343414307,0.0016718968645958333,0.7564863556515501,0,0
361,0,1,1,0.6069181969452627,0.2656807005405426,0.0010987566214515233,0.73013847461128,0,0
362,0,1,1,0.60873913960349,0.26755663752555847,0.0006130472854545384,0.8398925425062469,0,0
363,0,1,1,0.6107411334552786,0.2708565890789032,0.0003741733483346245,1.0329603852583504,0,0
364,0,1,1,0.6125772117306817,0.27243736386299133,0.0004225960029800702,1.125445614967702,0,0
365,0,1,1,0.6148181567254561,0.2690821886062622,0.0008297541186030167,0.9291468395461774,0,0
366,0,1,1,0.6168437362351904,0.27321168780326843,0.0008803436832889156,1.1707484172434148,0,0
367,0,1,1,0.6191274168457301,0.27377429604530334,0.001137875135903561,1.2036645246008513,0,0
368,0,1,1,0.620956527004578,0.2782667279243469,0.0008704144471385744,1.4664999382658215,0,0
369,0,1,1,0.623082595903496,0.2761108875274658,0.0009016545275824639,1.3403697669541237,0,0
370,0,1,1,0.6247549389410807,0.26940256357192993,0.0005206126864998093,0.9478907824475674,0,0
371,0,1,1,0.6265656679831149,0.27134671807289124,0.00034081613621876454,1.0616360024635838,0,0
372,0,1,1,0.6287543531327588,0.2729322016239166,0.0006699385015165716,1.154396724543021,0,0
373,0,1,1,0.6305816962695666,0.2774363160133362,0.0005478251062791384,1.4179156382654186,0,0
374,0,1,1,0.632748316418698,0.27395322918891907,0.0008396701638928706,1.2141332346641018,0,0
375,0,1,1,0.6352289676106774,0.2682760953903198,0.001321976986467922,0.8819853355836847,0,0
376,0,1,1,0.6378087905549671,0.2686435282230377,0.0017359750238670046,0.9034824585633346,0,0
377,0,1,1,0.6400334991386352,0.267551451921463,0.0016970742519830228,0.8395891521746337,0,0
378,0,1,1,0.6423470775045301,0.2703038454055786,0.0016477019006108495,1.0006214169800174,0,0
379,0,1,1,0.6447831222412137,0.2720010280609131,0.0016840563658363904,1.0999172365473064,0,0
380,0,1,1,0.6476205874852113,0.2694927752017975,0.0021329829521999476,0.9531687280440797,0,0
381,0,1,1,0.6498826315418886,0.269753098487854,0.0019420777763161767,0.9683992714155814,0,0
382,0,1,1,0.6541902983645876,0.2754693627357483,0.0037874614982018177,1.3028365469638614,0,0
383,0,1,1,0.658232725873495,0.27606233954429626,0.004869083792094815,1.3375294057460898,0,0
384,0,1,1,0.661503904779581,0.27570876479148865,0.004777861790110456,1.3168430672733373,0,0
385,0,1,1,0.6649670137985985,0.28398311138153076,0.004770141485535518,1.8009441883044834,0,0
386,0,1,1,0.668519320143903,0.2836013436317444,0.004551352266662629,1.7786083828564083,0,0
387,0,1,1,0.6720774462509813,0.2829693853855133,0.004527222928912068,1.7416348657192944,0,0
388,0,1,1,0.6765632678608295,0.28323134779930115,0.005551864444388722,1.7569613083335474,0,0
389,0,1,1,0.6803816571331589,0.2804535925388336,0.005605412946405942,1.5944452206994117,0,0
390,0,1,1,0.6840494469622758,0.2804352939128876,0.005419541941882695,1.5933746364257881,0,0
391,0,1,1,0.6863391207704375,0.2796870172023773,0.0038266840454512074,1.549595760298523,0,0
392,0,1,1,0.6880962834872669,0.2897008955478668,0.002018428132416634,2.1354703886051327,0,0
393,0,1,1,0.6897855851422618,0.2908945083618164,0.0008287214879397251,2.2053042171766277,0,0
394,0,1,1,0.6920272837333055,0.298863023519516,0.0007151924695700929,2.6715122831329774,0,0
395,0,1,1,0.694024255277297,0.3023558259010315,0.0007177048208042558,2.8758631077004195,0,0
396,0,1,1,0.6950664171839878,0.3039863407611847,0.0003446247259984873,2.971258443521624,0,0
397,0,1,1,0.6968409080080935,0.30227941274642944,0.0002998841710882273,2.8713924593656137,0,0
398,0,1,1,0.6984455526499284,0.303960919380188,0.0002886455739174609,2.9697711334476815,0,0
399,0,1,1,0.700323086858315,0.305464506149292,0.00023049135334438878,3.0577403806347445,0,0
400,0,1,1,0.7029285147011832,0.30666205286979675,0.001015041352927194,3.1278043673888427,0,0
401,0,1,1,0.7049212832343564,0.30978721380233765,0.0010422855068015335,3.3106458636184666,0,0
402,0,1,1,0.7066091880319585,0.30858567357063293,0.0007150405336718055,3.2403482314365744,0,0
403,0,1,1,0.708870063573183,0.3048936128616333,0.0009300631935548876,3.0243395461957654,0,0
404,0,1,1,0.710393820646374,0.30165454745292664,0.0004040939860683366,2.8348339244062237,0,0
405,0,1,1,0.7117670687675088,0.2972864508628845,0.0002355603690405876,2.579272904209588,0,0
406,0,1,1,0.712724435144984,0.2999550998210907,0.0009300822829470134,2.7354055895216782,0,0
407,0,1,1,0.7147194269283628,0.2995053231716156,0.000612501734879002,2.709090837310722,0,0
408,0,1,1,0.7179902561097284,0.2972133457660675,0.0013445860647461737,2.57499579798288,0,0
409,0,1,1,0.7213595463515108,0.3025529086589813,0.0028147674406899096,2.8873936839243166,0,0
410,0,1,1,0.7241849091541072,0.3058784604072571,0.0032420108472857993,3.081959298485936,0,0
411,0,1,1,0.7264044414240536,0.30225011706352234,0.0025964246149514213,2.869678478354259,0,0
412,0,1,1,0.7297823605713835,0.30266568064689636,0.003053090138358595,2.893991551825606,0,0
413,0,1,1,0.7323731469669317,0.30169323086738586,0.0026958504184930576,2.837097146535154,0,0
414,0,1,1,0.7350457879941461,0.30521976947784424,0.002615091291852263,3.043421751880678,0,0
415,0,1,1,0.738108926277198,0.3066859543323517,0.0029630098648944624,3.129202752710416,0,0
416,0,1,1,0.7405373055260154,0.3089601695537567,0.002465267900425684,3.262258592971353,0,0
417,0,1,1,0.7427251981285651,0.3060661256313324,0.001964424264317406,3.0929388899696617,0,0
418,0,1,1,0.7450006156430513,0.3047735393047333,0.0016518289883952885,3.017314490758584,0,0
419,0,1,1,0.746623049523025,0.3071805238723755,0.0008232354507908311,3.158138169682376,0,0
420,0,1,1,0.748170592344267,0.3041713237762451,0.0003924975086040276,2.982081108971757,0,0
421,0,1,1,0.7500810344003924,0.2866798937320709,0.00021316824272481444,1.9587228533467047,0,0
422,0,1,1,0.7516452802428812,0.29031333327293396,0.00010757598801475578,2.1713018329422087,0,0
423,0,1,1,0.7528063097799497,0.29185059666633606,0.0005681615208666268,2.261241373662162,0,0
424,0,1,1,0.7535254219967055,0.29285332560539246,0.0013948643683419793,2.3199072995096195,0,0
425,0,1,1,0.7543470429651705,0.2965434491634369,0.0019119508129865504,2.5358026492817225,0,0
426,0,1,1,0.7552314122640712,0.29420727491378784,0.0020940836552803977,2.3991218176447866,0,0
427,0,1,1,0.7562946485707577,0.2946590483188629,0.0019273803538914103,2.4255533925696398,0,0
428,0,1,1,0.7570361793381066,0.28892457485198975,0.0020579342842444604,2.0900507636155226,0,0
429,0,1,1,0.7575572193188964,0.2896170914173126,0.002414583638804967,2.130567321866648,0,0
430,0,1,1,0.7583446932573749,0.29256194829940796,0.002429653788757995,2.3028599013936297,0,0
431,0,1,1,0.7588819335429219,0.28771695494651794,0.0026707337515368846,2.019397432424153,0,0
432,0,1,1,0.7598175540021528,0.2863854765892029,0.0023819345353470345,1.9414976057259763,0,0
433,0,1,1,0.7607297346018063,0.28356629610061646,0.002165097601705095,1.7765578826841262,0,0
434,0,1,1,0.7615115988929747,0.28380629420280457,0.0021763621312641136,1.7905992754455116,0,0
435,0,1,1,0.7621922166459665,0.2888801693916321,0.002287470787172301,2.0874527659482602,0,0
436,0,1,1,0.7627306920481045,0.2906227707862854,0.0025765661607954227,2.1894058663510583,0,0
437,0,1,1,0.7631649077443807,0.28817787766456604,0.002870634976007135,2.046364299485818,0,0
438,0,1,1,0.7636967302467941,0.28931424021720886,0.002947605759237403,2.1128486290513995,0,0
439,0,1,1,0.7644091644100807,0.2872268855571747,0.0027814544344056547,1.9907253024641105,0,0
440,0,1,1,0.7659503792005076,0.28953608870506287,0.0017944765850072975,2.1258281556521386,0,0
441,0,1,1,0.7679483821524569,0.292152464389801,0.000823316464416591,2.27890252693176,0,0
442,0,1,1,0.7700581546116261,0.29338452219963074,0.0005273819921153079,2.3509856286514217,0,0
443,0,1,1,0.7722410875940404,0.2917349636554718,0.0009050853271977533,2.2544761179917066,0,0
444,0,1,1,0.7749582388361669,0.2904825806617737,0.0016642557733342733,2.181203865661929,0,0
445,0,1,1,0.778164536706413,0.2903159558773041,0.0026185887346655123,2.171455271730611,0,0
446,0,1,1,0.7811257914072509,0.2883809208869934,0.00302580479701446,2.0582436002288107,0,0
447,0,1,1,0.7833808470077265,0.28618720173835754,0.0025139511985838147,1.92989728459826,0,0
448,0,1,1,0.7849548474778308,0.28327107429504395,0.0013649080148494573,1.7592855572533197,0,0
449,0,1,1,0.7876833365386042,0.2849239408969879,0.001532348715624061,1.8559886100211327,0,0
450,0,1,1,0.7906377449334923,0.2823426425457001,0.002107057152464271,1.7049664825363893,0,0
451,0,1,1,0.793380932517176,0.28304553031921387,0.002472256354587683,1.746089821450741,0,0
452,0,1,1,0.7953801353657532,0.2876749336719513,0.001971437825802542,2.016938924564529,0,0
453,0,1,1,0.7975238280434862,0.28689372539520264,0.001508808531554896,1.9712333454692603,0,0
454,0,1,1,0.799436768048897,0.28192010521888733,0.000961625660745159,1.6802454013777002,0,0
455,0,1,1,0.8016351945187403,0.28328442573547363,0.0009602963517373453,1.760066700176094,0,0
456,0,1,1,0.8039276643296056,0.29273325204849243,0.0011892006622115491,2.312882244072438,0,0
457,0,1,1,0.80594677476811,0.2854359447956085,0.0010714288597529053,1.8859440462114472,0,0
458,0,1,1,0.8074102182803604,0.2868026793003082,0.000546310369357099,1.9659065784400747,0,0
459,0,1,1,0.8091445224170568,0.287003755569458,0.0002689963144744085,1.9776708000917658,0,0
460,0,1,1,0.8102424445921906,0.28403499722480774,0.0006093325297674578,1.8039798352432108,0,0
461,0,1,1,0.8112457961633593,0.28175315260887146,0.0011846760242450061,1.6704776275978315,0,0
462,0,1,1,0.812870467147937,0.29609957337379456,0.0008847603884796928,2.5098331343446714,0,0
463,0,1,1,0.8144433591125204,0.30193743109703064,0.0006769306407904007,2.851384390082502,0,0
464,0,1,1,0.8162625461716921,0.29942819476127625,0.00024314985043546588,2.7045783420336247,0,0
465,0,1,1,0.8175583706388992,0.2944468855857849,0.00039165368315284717,2.413140543312431,0,0
466,0,1,1,0.8187821750646721,0.29398778080940247,0.0007459928762649659,2.38628003722909,0,0
467,0,1,1,0.8199880747302468,0.2923858165740967,0.0010180201898740294,2.292555091854354,0,0
468,0,1,1,0.8214036702075109,0.2900605797767639,0.0009886036170415214,2.1565141697099586,0,0
469,0,1,1,0.8225467381143253,0.29564154148101807,0.0011308167191818198,2.4830353986747675,0,0
470,0,1,1,0.8240748802783966,0.2952016294002533,0.0008497664239670732,2.457297785542915,0,0
471,0,1,1,0.8251399736758609,0.2980290651321411,0.0011078493299338955,2.6227204920437126,0,0
472,0,1,1,0.8262272091858405,0.2964697480201721,0.001308588556357836,2.5314906706031053,0,0
473,0,1,1,0.8276252048042987,0.298346608877182,0.0011164776824820078,2.641298790798532,0,0
474,0,1,1,0.8286898022006922,0.2988187074661255,0.0013214969585818182,2.668919516333501,0,0
475,0,1,1,0.8293744981897593,0.2993815243244171,0.0017905314500886605,2.7018478290491057,0,0
476,0,1,1,0.8302118540303034,0.30081596970558167,0.0020118067380191385,2.7857718718146596,0,0
477,0,1,1,0.8312452782677666,0.2992560863494873,0.001974543711671649,2.694508921544738,0,0
478,0,1,1,0.8320056656724433,0.2954218089580536,0.0021191746728619777,2.4701796692783073,0,0
479,0,1,1,0.8327453050556693,0.295745849609375,0.002208501157573666,2.489138077758941,0,0
480,0,1,1,0.8333218105423738,0.2951012849807739,0.0024746973873467793,2.45142700826394,0,0
481,0,1,1,0.8338830883672184,0.2949049174785614,0.00269090869051976,2.4399382789823347,0,0
482,0,1,1,0.8345086146867144,0.29443076252937317,0.002724834895886612,2.4121972434882775,0,0
483,0,1,1,0.8349888024289726,0.2969970107078552,0.002870384407196296,2.5623388415623043,0,0
484,0,1,1,0.8355813348673231,0.2969966232776642,0.00283872631217154,2.562316174468563,0,0
485,0,1,1,0.836377461925299,0.3005155026912689,0.0026074803354329424,2.7681926688070493,0,0
486,0,1,1,0.8369795464507069,0.29536065459251404,0.0026289891995452275,2.4666017557123863,0,0
487,0,1,1,0.8374894195428646,0.2924251854419708,0.0027368490483856856,2.2948584173029807,0,0
488,0,1,1,0.8385938525997312,0.2939509153366089,0.002257570269992114,2.384123176078484,0,0
489,0,1,1,0.8392989929657585,0.29310065507888794,0.0023055593370668193,2.3343776234294924,0,0
490,0,1,1,0.8399635269722943,0.29149115085601807,0.0023714080906459146,2.2402115415381,0,0
491,0,1,1,0.8407599763696266,0.29813793301582336,0.00232095382371038,2.6290899453849943,0,0
492,0,1,1,0.8414297438530944,0.2957891523838043,0.002468825546933078,2.491671561390171,0,0
493,0,1,1,0.8422414908018792,0.2948964834213257,0.002366051411489172,2.4394448337878143,0,0
494,0,1,1,0.8427334419512487,0.29699307680130005,0.00260972472114983,2.5621086833797015,0,0
495,0,1,1,0.8431945125248687,0.29892000555992126,0.0028411328922684376,2.6748460895355315,0,0
496,0,1,1,0.8437745269142566,0.3005527853965759,0.0028697525416910164,2.7703739406739922,0,0
497,0,1,1,0.8442155184073061,0.29452335834503174,0.003014956813932006,2.417614678892428,0,0
498,0,1,1,0.8446802242660026,0.29725608229637146,0.0030437578565922375,2.577496152784796,0,0
499,0,1,1,0.8452420416680085,0.293930321931839,0.0029686360332748397,2.3829183328650085,0,0
500,0,1,1,0.8456569633364701,0.29632264375686646,0.0030655966505982336,2.522884149471825,0,0
501,0,1,1,0.8461299555435192,0.3002677261829376,0.0030632135491025104,2.753696190548244,0,0
502,0,1,1,0.8472375437136122,0.3048391044139862,0.00243423466306285,3.0211504604686357,0,0
503,0,1,1,0.8490756844032136,0.300342321395874,0.001305597745529542,2.7580604779047255,0,0
504,0,1,1,0.851719217390401,0.2975882291793823,0.0008141571795968274,2.5969288266114,0,0
505,0,1,1,0.8539271786390648,0.2991059720516205,0.001142096203203392,2.685726294531315,0,0
506,0,1,1,0.8563755358288675,0.3073956072330475,0.0016411476191197493,3.1707218939539414,0,0
507,0,1,1,0.8583743382170976,0.3028479218482971,0.0013554519785360496,2.904653803996955,0,0
508,0,1,1,0.8610856684040887,0.30202585458755493,0.0017421187120561354,2.8565577183232858,0,0
509,0,1,1,0.8635827836655026,0.3045298755168915,0.0018976212200480357,3.0030586324179547,0,0
510,0,1,1,0.8664599894069875,0.30529922246932983,0.002360925704923562,3.048070249720223,0,0
511,0,1,1,0.8689549131722621,0.31199052929878235,0.0023347360756681545,3.439553625724761,0,0
512,0,1,1,0.8720900863620135,0.3124781548976898,0.0028247655266283433,3.4680827786319743,0,0
513,0,1,1,0.8747225652634366,0.30571332573890686,0.0027061399385703132,3.0722978856843914,0,0
514,0,1,1,0.877301147724719,0.3089253306388855,0.0024997770003691976,3.260220298157239,0,0
515,0,1,1,0.8801176844782983,0.30827492475509644,0.002606024174515621,3.222167478633524,0,0
516,0,1,1,0.8836825878451033,0.31025615334510803,0.003380234714811621,3.3380817651583152,0,0
517,0,1,1,0.8862564476703685,0.3120088577270508,0.0030559691693042967,3.4406259536209802,0,0
518,0,1,1,0.8882692498549701,0.31228747963905334,0.002185300752172976,3.4569270812661053,0,0
519,0,1,1,0.8906849153351789,0.313196063041687,0.0018589406998189683,3.5100849033344472,0,0
520,0,1,1,0.8927721577600749,0.31000787019729614,0.0013043754104948135,3.3235556453153867,0,0
521,0,1,1,0.8953765077257816,0.3087543547153473,0.00163633289745861,3.250217135326981,0,0
522,0,1,1,0.897728143317561,0.30838629603385925,0.0017079534753847558,3.228683396272826,0,0
523,0,1,1,0.900055655066847,0.31222790479660034,0.0016707418590230626,3.4534415796977442,0,0
524,0,1,1,0.9020505604024505,0.29941612482070923,0.001322962261709455,2.703872174882456,0,0
525,0,1,1,0.9040346853527856,0.29897019267082214,0.0009874865514507402,2.6777823499863165,0,0
526,0,1,1,0.9060825404775841,0.3020140528678894,0.0008707972694981648,2.855867243775476,0,0
527,0,1,1,0.9082618069901313,0.30562034249305725,0.0009614644920395832,3.0668577831865,0,0
528,0,1,1,0.9103404817996076,0.30528509616851807,0.0009886013206948496,3.047243772609966,0,0
529,0,1,1,0.9123040190111235,0.30489274859428406,0.0008796581829214456,3.0242889811404963,0,0
530,0,1,1,0.9141657311754455,0.3068642318248749,0.0006740369326590623,3.1396331030765663,0,0
531,0,1,1,0.9156489041122473,0.2994827330112457,0.00026907247993758693,2.7077691713833496,0,0
532,0,1,1,0.9166825266185218,0.3001565635204315,0.0006767395792590547,2.7471924782671104,0,0
533,0,1,1,0.9181002336806214,0.3023986220359802,0.000844543721887957,2.878366949747526,0,0
534,0,1,1,0.9193977114187367,0.3037564158439636,0.0009961196511471693,2.9578063951975104,0,0
535,0,1,1,0.9207227831464875,0.3045763671398163,0.0009790429842192073,3.0057786836669003,0,0
536,0,1,1,0.9217736905747217,0.3054444193840027,0.001196605314545034,3.0565651790053923,0,0
537,0,1,1,0.9227084076939882,0.2997194528579712,0.0015346791843284958,2.7216187656592323,0,0
538,0,1,1,0.9240055177242829,0.30095356702804565,0.001389612657375543,2.793822177337982,0,0
539,0,1,1,0.9254525013802853,0.29808709025382996,0.0010945805777595897,2.6261153252371083,0,0
540,0,1,1,0.9271981615906937,0.30435964465141296,0.0005552835963699112,2.9930990601525833,0,0
541,0,1,1,0.9287946209514333,0.3099678158760071,0.00029100831905411347,3.3212122165470643,0,0
542,0,1,1,0.9299826727108513,0.3064331114292145,0.0006245098739973298,3.1144098586103794,0,0
543,0,1,1,0.93125280262757,0.30366775393486023,0.0008486687039207396,2.9526191179759627,0,0
544,0,1,1,0.9319940805780894,0.30282703042030334,0.0015574660652225448,2.9034315245575244,0,0
545,0,1,1,0.9331606592904305,0.3067322373390198,0.0015898670997304288,3.1319105986011935,0,0
546,0,1,1,0.9341027747204866,0.3087790310382843,0.0017392612544235454,3.251660854836037,0,0
547,0,1,1,0.9353879104699758,0.3076781630516052,0.0014841510073431863,3.1872531797816697,0,0
548,0,1,1,0.936673616889598,0.30855461955070496,0.0012322215483224087,3.2385313766920865,0,0
549,0,1,1,0.9378455037775224,0.31786462664604187,0.0012302187382752117,3.783225126538693,0,0
550,0,1,1,0.939031189853174,0.32329699397087097,0.0012157437843965824,4.101052653242449,0,0
551,0,1,1,0.9399344086671818,0.3238801956176758,0.0015446287535606385,4.13517360381336,0,0
552,0,1,1,0.9412378787159998,0.32317155599594116,0.0013777832540441005,4.093713745738081,0,0
553,0,1,1,0.9423336236578929,0.3189344108104706,0.0014231037687515314,3.8458142032259763,0,0
554,0,1,1,0.9429406620338496,0.31307947635650635,0.0019380953628873755,3.503263851740937,0,0
555,0,1,1,0.9443740174677016,0.31568124890327454,0.0014821079742043542,3.6554838479487737,0,0
556,0,1,1,0.9458320390449432,0.31631436944007874,0.0011339885970926711,3.6925253663671116,0,0
557,0,1,1,0.9475055026989386,0.3193025290966034,0.0006090650253330487,3.8673514295253226,0,0
558,0,1,1,0.9493298969281042,0.3182389438152313,0.00019207730868729472,3.805125026337899,0,0
559,0,1,1,0.9513243788732938,0.31447747349739075,0.0003195326651970321,3.585055444072221,0,0
560,0,1,1,0.9535801798406679,0.3142451345920563,0.0008377432811730712,3.5714621623178733,0,0
561,0,1,1,0.9557152378708543,0.3082781136035919,0.0010357661124283223,3.22235404625124,0,0
562,0,1,1,0.9577959227491154,0.311897337436676,0.0010640171977104717,3.4341013178687008,0,0
563,0,1,1,0.9598355007370715,0.3069031536579132,0.0009870887304137387,3.1419102741862606,0,0
564,0,1,1,0.9617721016541125,0.3064473867416382,0.0007959091815103858,3.1152450538336134,0,0
565,0,1,1,0.9636843387639412,0.3035414218902588,0.0006601658379779119,2.945227901793731,0,0
566,0,1,1,0.9656479342799343,0.30796319246292114,0.0006314861306993114,3.2039291862848227,0,0
567,0,1,1,0.9674772073413235,0.31216368079185486,0.0004977563093837134,3.449684073004489,0,0
568,0,1,1,0.9692164991189652,0.3120226562023163,0.000326621435962472,3.4414332508826866,0,0
569,0,1,1,0.9710259109101541,0.31008413434028625,0.00027493386093817133,3.3280175755372152,0,0
570,0,1,1,0.9724983230215313,0.3097682297229767,0.00011765569649645799,3.3095351760251472,0,0
571,0,1,1,0.9739027476291707,0.3139854371547699,0.0003962196419976682,3.5562682350208767,0,0
572,0,1,1,0.9752273486794921,0.3157919943332672,0.000678003663638087,3.6619631495135705,0,0
573,0,1,1,0.976248350714347,0.3153141736984253,0.0011597140189149192,3.6340076484402695,0,0
574,0,1,1,0.9772022611434386,0.3178221583366394,0.0015114135408716024,3.7807404643401368,0,0
575,0,1,1,0.9780679815530912,0.3178986608982086,0.0018216776616958186,3.785216343542729,0,0
