backbone,mode,device,variant,score_variant,seeds,test_videos,frames,anomaly_frames,auroc_mean,auroc_ci_low,auroc_ci_high,ap_mean,ap_ci_low,ap_ci_high,bootstrap_draws,bootstrap_rejected,adaptation,teacher_weight
dinov3-l,offline,R01,F_P0,P0,3,15,3295,1227,0.78505264106497,0.6630628336460898,0.8896219729023784,0.5729735894241483,0.35110117198321417,0.8172447114906132,1000,0,frozen,
dinov3-l,offline,R01,F_P1,P1,3,15,3295,1227,0.4521226676587442,0.36089235762175265,0.5242025358228216,0.3231508422455032,0.16929755094114496,0.4829394996485223,1000,0,frozen,
dinov3-l,offline,R01,F_P2,P2,3,15,3295,1227,0.4547146542152524,0.3605928697554156,0.5260956344179091,0.32178438223961625,0.16974497045006082,0.4799513690495295,1000,0,frozen,
dinov3-l,offline,R01,F_P3,P3,3,15,3295,1227,0.47012246482932635,0.40291313834673176,0.52833663826405,0.33210396074154036,0.18067959706333225,0.49840661747180554,1000,0,frozen,
dinov3-l,offline,R01,L_P0,P0,3,15,3295,1227,0.7136364555927059,0.6041768100855387,0.8047299975860798,0.5415646494512936,0.32189089532325404,0.7402471422000816,1000,0,lora,1.0
dinov3-l,offline,R01,L_P1,P1,3,15,3295,1227,0.684459299334709,0.5655748545953994,0.7826962729194519,0.5529366455811983,0.31672880936462733,0.7467875530068048,1000,0,lora,1.0
dinov3-l,offline,R01,L_P2,P2,3,15,3295,1227,0.729894599640477,0.5995874231042588,0.847715112984875,0.602206378246794,0.34310437458634085,0.7925279004744653,1000,0,lora,1.0
dinov3-l,offline,R01,L_P3,P3,3,15,3295,1227,0.802142004763864,0.7318924164703983,0.8710015592844464,0.7152698589869283,0.4992597857195249,0.8341013674713633,1000,0,lora,1.0
dinov3-l,offline,R02,F_P0,P0,3,15,9210,2949,0.7332344491576593,0.5527226239376678,0.8848202778489269,0.6209205304919905,0.35743602030101884,0.8233487283325993,1000,0,frozen,
dinov3-l,offline,R02,F_P1,P1,3,15,9210,2949,0.7220133979365301,0.5664354599267517,0.8666731285986068,0.5904110517400171,0.33106251452623026,0.8060852543775567,1000,0,frozen,
dinov3-l,offline,R02,F_P2,P2,3,15,9210,2949,0.7197507316477584,0.5703944435051601,0.8575248078388038,0.6067813751645156,0.3650968557755227,0.8040555399529428,1000,0,frozen,
dinov3-l,offline,R02,F_P3,P3,3,15,9210,2949,0.7983625410212806,0.6819053857755345,0.8967018015702853,0.6510536109668373,0.4381244508528408,0.8145594265057869,1000,0,frozen,
dinov3-l,offline,R02,L_P0,P0,3,15,9210,2949,0.6986154464220737,0.5257741567119033,0.849426324337543,0.5721266380810591,0.3162745161283852,0.7809391819170212,1000,0,lora,1.0
dinov3-l,offline,R02,L_P1,P1,3,15,9210,2949,0.7086950861589288,0.5505033031951766,0.8567968478468964,0.5655735071909082,0.3136273746617667,0.7893848015407305,1000,0,lora,1.0
dinov3-l,offline,R02,L_P2,P2,3,15,9210,2949,0.7074366612219259,0.54723583394404,0.8569257277413401,0.5740144961147313,0.3195686815828551,0.7853244093797456,1000,0,lora,1.0
dinov3-l,offline,R02,L_P3,P3,3,15,9210,2949,0.8311220471705303,0.7285080955479151,0.9194193321052864,0.7023062932955076,0.490813783070764,0.845288600944279,1000,0,lora,1.0
vjepa21-l,offline,R01,F_P0,P0,3,15,3295,1227,0.32902452186643,0.20118043241147063,0.46073847662175693,0.28384095337400006,0.14022540088062976,0.47477226259966226,1000,0,frozen,
vjepa21-l,offline,R01,F_P1,P1,3,15,3295,1227,0.24973713622727822,0.1487453475251696,0.3719754013063335,0.25297942393829465,0.12890672099813957,0.41738632106975787,1000,0,frozen,
vjepa21-l,offline,R01,F_P2,P2,3,15,3295,1227,0.30434238866845637,0.20449902821435312,0.42228661109859855,0.2685569143180844,0.13666692892153165,0.4361339054026612,1000,0,frozen,
vjepa21-l,offline,R01,F_P3,P3,3,15,3295,1227,0.3757548958870293,0.2994135716446029,0.46101928531214653,0.28834563619128556,0.14954736075947822,0.4579517638710249,1000,0,frozen,
vjepa21-l,offline,R01,L_P0,P0,3,15,3295,1227,0.3500860711363754,0.21821566408277723,0.48523758855325927,0.2921643523942625,0.1439645752982307,0.4911426695149285,1000,0,lora,1.0
vjepa21-l,offline,R01,L_P1,P1,3,15,3295,1227,0.2876229521979405,0.18007651327781568,0.40851722579009825,0.2653219182862481,0.13454373796364297,0.43467075664805355,1000,0,lora,1.0
vjepa21-l,offline,R01,L_P2,P2,3,15,3295,1227,0.3315991024010063,0.2217504792109373,0.46266649493446793,0.2841033285975661,0.14044720305286804,0.4650645001107178,1000,0,lora,1.0
vjepa21-l,offline,R01,L_P3,P3,3,15,3295,1227,0.37976865886141237,0.2956591832571403,0.4751429210284357,0.29762668032822126,0.1508349805796324,0.466483359282787,1000,0,lora,1.0
