backbone,mode,device,history,score_variant,seeds,test_videos,frames,anomaly_frames,auroc_mean,auroc_ci_low,auroc_ci_high,ap_mean,ap_ci_low,ap_ci_high,bootstrap_draws,bootstrap_rejected
dinov3-l,offline,R01,5,P3,3,15,2905,1158,0.5112247692318338,0.4411085566652023,0.5715559789133224,0.38751882643981955,0.21378312369967625,0.5748408591757591,1000,0
dinov3-l,offline,R01,15,P3,3,15,2905,1158,0.5148841389087436,0.4406744114067711,0.5816252111960893,0.38942207728114053,0.21721934158923933,0.5772463294370289,1000,0
dinov3-l,offline,R01,31,P3,3,15,2905,1158,0.5185103898812967,0.4414812790687841,0.5878973251382156,0.3910976905690647,0.21812852537592717,0.5786350954394606,1000,0
dinov3-l,offline,R02,5,P3,3,15,8822,2837,0.8113590285194835,0.6991492038310676,0.9029851199394668,0.6753999302413075,0.4681321883328972,0.8276349965752928,1000,0
dinov3-l,offline,R02,15,P3,3,15,8822,2837,0.8146970645978122,0.7026305793437052,0.9046062791581957,0.6797399345884356,0.4702918309823141,0.8322842495319164,1000,0
dinov3-l,offline,R02,31,P3,3,15,8822,2837,0.8232982291235079,0.7121260947980214,0.9115941626222736,0.7018370113659435,0.4922508017670543,0.8468677010059092,1000,0
dinov3-l,offline,R03,5,P3,3,17,11121,4818,0.6050098897340589,0.5401034231210317,0.6781859955725068,0.5222424932845008,0.37158645407508156,0.6774903661247025,1000,0
dinov3-l,offline,R03,15,P3,3,17,11121,4818,0.6010155124340802,0.537928445052828,0.6724611048054189,0.5194905998993397,0.37095976763870514,0.6751626549227493,1000,0
dinov3-l,offline,R03,31,P3,3,17,11121,4818,0.5984471276765227,0.5355306746090653,0.6711243074920014,0.5170596953903727,0.3692457958335211,0.6748510951997888,1000,0
dinov3-l,offline,R04,5,P3,3,19,7166,4501,0.6464183138233891,0.5886738034221191,0.7147359946010101,0.706456816641207,0.5683908720943861,0.8358976892067062,1000,0
dinov3-l,offline,R04,15,P3,3,19,7166,4501,0.6534666259280302,0.5931526945160698,0.7217185185721577,0.7053004085498321,0.5682096784193832,0.8344697187652982,1000,0
dinov3-l,offline,R04,31,P3,3,19,7166,4501,0.6737508543372823,0.6138719954198388,0.7463185055022832,0.7168088059886836,0.5848394732232116,0.8401338263546857,1000,0
dinov3-l,online,R01,5,P3,3,15,2905,1158,0.5694960585446421,0.5247063812486271,0.6200415528525094,0.41796229476374475,0.23423670315807987,0.6276978803631406,1000,0
dinov3-l,online,R01,15,P3,3,15,2905,1158,0.5704990115467291,0.521924856499806,0.6257363013033767,0.4166712379328497,0.23486182135464997,0.6323175180862242,1000,0
dinov3-l,online,R01,31,P3,3,15,2905,1158,0.5705695329669515,0.5186363575572425,0.631826910761557,0.41481482970376454,0.2313654541405571,0.6350964935340322,1000,0
dinov3-l,online,R02,5,P3,3,15,8822,2837,0.8141164802500906,0.6886428987833765,0.9113978231740044,0.6718363394605279,0.46794611982996376,0.8258166028569472,1000,0
dinov3-l,online,R02,15,P3,3,15,8822,2837,0.8148892970294376,0.6862415843898543,0.9123627758270122,0.6746968659477087,0.4697183646150394,0.8310852269791053,1000,0
dinov3-l,online,R02,31,P3,3,15,8822,2837,0.8163863424275646,0.6870880291793714,0.9165660371591925,0.6853484576943281,0.47474711630513805,0.8398423907096468,1000,0
dinov3-l,online,R03,5,P3,3,17,11121,4818,0.6148489891097781,0.5494018268406977,0.6833313597973162,0.5254852859300889,0.37617404944688093,0.68688884986441,1000,0
dinov3-l,online,R03,15,P3,3,17,11121,4818,0.6114818869541018,0.5472150738172841,0.6771569568342763,0.523233421875832,0.37187831450390646,0.6853709581800597,1000,0
dinov3-l,online,R03,31,P3,3,17,11121,4818,0.6123586034978523,0.5496088639506778,0.6768292214704242,0.5222307927851484,0.3696962512248917,0.6861443571987006,1000,0
dinov3-l,online,R04,5,P3,3,19,7166,4501,0.6568409855137466,0.592989922656741,0.7249212356866441,0.711346381917005,0.5776840702648239,0.8396675169467226,1000,0
dinov3-l,online,R04,15,P3,3,19,7166,4501,0.6651779835180814,0.601166812879011,0.7361385639819226,0.7146071183527324,0.5822334031418127,0.8413410033957842,1000,0
dinov3-l,online,R04,31,P3,3,19,7166,4501,0.6831410266831123,0.6181365906659853,0.7548787582325438,0.7283344034207674,0.6048117522854187,0.849286642074518,1000,0
vjepa21-l,offline,R01,5,P3,3,15,2905,1158,0.3370872808027842,0.2540233481901807,0.42993952356902887,0.29783655162481604,0.15586739666805438,0.4692376323983304,1000,0
vjepa21-l,offline,R01,15,P3,3,15,2905,1158,0.3446793730448019,0.2604727828054819,0.43281337326426605,0.2999666149002662,0.1597579491543106,0.4689506786507378,1000,0
vjepa21-l,offline,R01,31,P3,3,15,2905,1158,0.3244166576867195,0.23609118358622658,0.4132564157337392,0.2937421213993974,0.15656864680226518,0.46123142759607794,1000,0
vjepa21-l,offline,R02,5,P3,3,15,8822,2837,0.6385609384366412,0.5193310976347995,0.7354313589695031,0.4408986950501949,0.29307325902933157,0.6073812452148174,1000,0
vjepa21-l,offline,R02,15,P3,3,15,8822,2837,0.7087735592457035,0.5817040000743594,0.8097544856584539,0.5075672384756363,0.3388093978607551,0.6632239616000828,1000,0
vjepa21-l,offline,R02,31,P3,3,15,8822,2837,0.741796114851418,0.608835425618714,0.8492951987853662,0.5652638146379851,0.3812397176625215,0.7200402259089903,1000,0
vjepa21-l,offline,R03,5,P3,3,17,11121,4818,0.500894674129207,0.38447792218890736,0.6030218836485356,0.4411875921620964,0.28143629569317,0.6296061359181762,1000,0
vjepa21-l,offline,R03,15,P3,3,17,11121,4818,0.5026713445079128,0.39474865812931414,0.5966933193153635,0.4499222327046219,0.2930564513776168,0.6290600483720928,1000,0
vjepa21-l,offline,R03,31,P3,3,17,11121,4818,0.5045606998330098,0.40369145679369894,0.5992159924120133,0.45841057217705267,0.30430139548715407,0.6351449800155435,1000,0
vjepa21-l,offline,R04,5,P3,3,19,7166,4501,0.6823026333248995,0.6437018041553362,0.7319257372549892,0.7493404267757744,0.6293710282599719,0.8612197008358966,1000,0
vjepa21-l,offline,R04,15,P3,3,19,7166,4501,0.6803911687195076,0.6412218144606485,0.7358230574143706,0.7455153039183587,0.6220191860612144,0.860179452112588,1000,0
vjepa21-l,offline,R04,31,P3,3,19,7166,4501,0.6798830195332869,0.6349534192007813,0.7413721328235066,0.7410784854398876,0.6205707586781665,0.8560936700907382,1000,0
vjepa21-l,online,R01,5,P3,3,15,2905,1158,0.31235436420490886,0.18143642878429808,0.4286110907738308,0.3078578379781936,0.15419094701255567,0.499442193036777,1000,0
vjepa21-l,online,R01,15,P3,3,15,2905,1158,0.3175551541766311,0.190625838083418,0.42735172446844033,0.3064797257878296,0.1551075994480192,0.5007418051424462,1000,0
vjepa21-l,online,R01,31,P3,3,15,2905,1158,0.30151449693017623,0.1840726267131803,0.40713802384592546,0.296388460268883,0.15232690867995624,0.49416734149417246,1000,0
vjepa21-l,online,R02,5,P3,3,15,8822,2837,0.6801350691969024,0.5984928526738001,0.7505643762510179,0.47068801209321104,0.32760263419445473,0.6171139831152517,1000,0
vjepa21-l,online,R02,15,P3,3,15,8822,2837,0.7313571792246449,0.6410697378078121,0.8143987114158636,0.523205122611213,0.37598504628305457,0.654954204197375,1000,0
vjepa21-l,online,R02,31,P3,3,15,8822,2837,0.7546428048737753,0.6518711451166083,0.8430567334823761,0.576659565709207,0.41338200162447275,0.7138763393698218,1000,0
vjepa21-l,online,R03,5,P3,3,17,11121,4818,0.5108849640807677,0.37800837450308533,0.6237348320240301,0.4526998216528866,0.29833158182588393,0.6441610921280897,1000,0
vjepa21-l,online,R03,15,P3,3,17,11121,4818,0.5153220463542358,0.39236193433166255,0.6249989522540749,0.4676364254268784,0.322361591131301,0.6440277922962273,1000,0
vjepa21-l,online,R03,31,P3,3,17,11121,4818,0.5156930746571687,0.39821907376089344,0.620945503957339,0.478713157822318,0.3308708076413882,0.6470360449709316,1000,0
vjepa21-l,online,R04,5,P3,3,19,7166,4501,0.6922558102924526,0.6561930285822305,0.7462245148995024,0.74792192962224,0.6279346659975179,0.8588478944796102,1000,0
vjepa21-l,online,R04,15,P3,3,19,7166,4501,0.6902638688171443,0.6505274649666045,0.7497486386093196,0.7420830551498941,0.6248164477306465,0.8537811231350344,1000,0
vjepa21-l,online,R04,31,P3,3,19,7166,4501,0.6879461571947253,0.6382790217260027,0.7554793914776675,0.7380212109057688,0.6236871250780572,0.8513515226799302,1000,0
