backbone,mode,variant,devices,seeds,auroc_mean,auroc_ci_low,auroc_ci_high,ap_mean,ap_ci_low,ap_ci_high,bootstrap_draws,bootstrap_rejected,history,score_variant
dinov3-l,offline,H15,4,3,0.6460158354671666,0.6053489555364271,0.684809225341294,0.5734882550796869,0.4775145852341472,0.6545519030782264,1000,0,15,P3
dinov3-l,offline,H31,4,3,0.6535016502546525,0.6116694431614235,0.693787087084597,0.5817008008285162,0.48841955700494954,0.6630848559550555,1000,0,31,P3
dinov3-l,offline,H5,4,3,0.6435030003271913,0.6036675975350131,0.6812298091046457,0.5729045166517087,0.47739334660080657,0.6543952305626666,1000,0,5,P3
dinov3-l,online,H15,4,3,0.6655120447620875,0.6261869808170436,0.7043450143199284,0.5823021610272807,0.48225797196778136,0.6661286873276248,1000,0,15,P3
dinov3-l,online,H31,4,3,0.6706138763938702,0.6303435307697232,0.7097730177211997,0.5876821209010021,0.4892301939069948,0.669915801499982,1000,0,31,P3
dinov3-l,online,H5,4,3,0.6638256283545644,0.6256961872832587,0.7017054011556777,0.5816575755178417,0.4834166493772712,0.6639709846262614,1000,0,5,P3
vjepa21-l,offline,H15,4,3,0.5591288613794814,0.5149425604746677,0.6047741019733373,0.5007428474997208,0.42214010211562336,0.5811538871150074,1000,0,15,P3
vjepa21-l,offline,H31,4,3,0.5626641229761086,0.5155734871297691,0.6097779531526304,0.5146237484135807,0.43553961680897046,0.593006238442443,1000,0,31,P3
vjepa21-l,offline,H5,4,3,0.539711381673383,0.49517364629390753,0.5884406603784534,0.48231581640322047,0.408942591602555,0.5655286715921458,1000,0,5,P3
vjepa21-l,online,H15,4,3,0.563624562143164,0.517931693259813,0.6123341788713317,0.5098510822439538,0.4344895660993646,0.5880550124842856,1000,0,15,P3
vjepa21-l,online,H31,4,3,0.5649491334139615,0.5192971188816848,0.6115186892063175,0.5224455986765442,0.4488771815180694,0.5968682365932954,1000,0,31,P3
vjepa21-l,online,H5,4,3,0.5489075519437578,0.5023887440876849,0.5983695281676423,0.4947919003366328,0.41995318380437807,0.5792183345778016,1000,0,5,P3
